firm,year,industry,roa,leverage,size,revenue_growth
F000,2018,公用,0.03078,0.4246,22.3201,-0.0325
F000,2019,公用,0.03455,0.3927,22.438,0.0589
F000,2020,公用,0.10011,0.3293,22.384,0.2449
F000,2021,公用,-0.00223,0.4568,22.3817,0.1568
F000,2022,公用,0.0424,0.4925,22.4297,0.4251
F000,2023,公用,-0.00116,0.5027,22.7686,0.0853
F000,2024,公用,0.018,0.3995,22.6914,-0.0374
F000,2025,公用,0.02529,0.5367,22.7501,0.1305
F001,2018,科技,0.01935,0.476,22.092,0.2572
F001,2019,科技,0.04035,0.4587,22.1769,0.0513
F001,2020,科技,0.04008,0.4847,22.0689,0.2067
F001,2021,科技,-0.01841,0.5947,22.2161,-0.141
F001,2022,科技,0.04361,0.4885,21.9329,-0.0037
F001,2023,科技,0.01823,0.4967,22.3648,0.0114
F001,2024,科技,0.07608,0.4505,22.307,0.0601
F001,2025,科技,0.03763,0.5272,22.4473,0.2813
F002,2018,公用,0.07215,0.5497,21.7382,0.0509
F002,2019,公用,0.02835,0.6245,21.7664,0.105
F002,2020,公用,0.00073,0.5391,21.8984,-0.0236
F002,2021,公用,0.05973,0.5422,21.8802,0.0132
F002,2022,公用,-0.02378,0.5708,21.9488,0.3222
F002,2023,公用,0.03211,0.4813,22.0008,0.1749
F002,2024,公用,0.00816,0.5471,22.1275,0.1045
F002,2025,公用,0.03491,0.4954,22.1182,0.0324
F003,2018,公用,-0.03836,0.4984,21.2363,0.0421
F003,2019,公用,-0.01794,0.451,21.3561,0.0533
F003,2020,公用,0.00528,0.437,21.3941,0.3321
F003,2021,公用,0.00217,0.4792,21.5674,0.2117
F003,2022,公用,0.04644,0.5185,21.5374,0.0498
F003,2023,公用,0.03954,0.4424,21.7244,0.0753
F003,2024,公用,0.06593,0.485,21.6584,0.1674
F003,2025,公用,0.07189,0.5617,21.6125,0.2371
F004,2018,消费,0.01296,0.5272,23.5121,0.0623
F004,2019,消费,-0.01766,0.5076,23.3152,-0.1024
F004,2020,消费,0.02354,0.4436,23.6298,0.2167
F004,2021,消费,-0.03675,0.6334,23.653,0.2217
F004,2022,消费,0.0207,0.461,23.8018,-0.054
F004,2023,消费,0.0494,0.5311,23.8086,0.1033
F004,2024,消费,0.02503,0.4718,23.8188,0.1572
F004,2025,消费,0.05785,0.6064,23.8542,0.0708
F005,2018,工业,-0.02246,0.489,23.1949,0.2294
F005,2019,工业,-0.00361,0.5931,23.0809,0.4007
F005,2020,工业,0.00141,0.3483,23.2039,0.2243
F005,2021,工业,-0.00229,0.5207,23.0451,-0.2049
F005,2022,工业,0.0073,0.556,23.3895,-0.0916
F005,2023,工业,-0.03357,0.5433,23.2762,0.0283
F005,2024,工业,-0.05921,0.5429,23.2867,0.1032
F005,2025,工业,-0.01405,0.5845,23.341,0.1587
F006,2018,消费,0.01303,0.7042,22.4541,-0.0061
F006,2019,消费,-0.04446,0.472,22.3041,0.1588
F006,2020,消费,-0.01273,0.4241,22.2539,-0.0093
F006,2021,消费,0.0406,0.5345,22.4377,0.2644
F006,2022,消费,-0.00516,0.4616,22.3149,0.0646
F006,2023,消费,-0.02544,0.5591,22.6007,0.1825
F006,2024,消费,-0.01828,0.4739,22.5405,0.2014
F006,2025,消费,0.02127,0.5642,22.4962,0.2162
F007,2018,金融,0.01953,0.6575,23.2107,0.3271
F007,2019,金融,0.00105,0.7232,23.2566,0.1791
F007,2020,金融,-0.03461,0.7277,23.288,0.1936
F007,2021,金融,0.01568,0.6305,23.5425,0.5262
F007,2022,金融,0.01034,0.7757,23.4607,-0.1982
F007,2023,金融,-0.00752,0.6722,23.5442,0.1356
F007,2024,金融,-0.07024,0.71,23.4129,-0.0145
F007,2025,金融,-0.02619,0.6489,23.4437,0.3775
F008,2018,科技,-0.01652,0.5281,21.3062,0.169
F008,2019,科技,-0.11908,0.4984,21.2607,0.2326
F008,2020,科技,-0.09076,0.4829,21.5108,-0.011
F008,2021,科技,0.0226,0.5774,21.4885,0.1682
F008,2022,科技,-0.01593,0.508,21.494,-0.0809
F008,2023,科技,-0.01881,0.5103,21.5975,0.0409
F008,2024,科技,-0.08429,0.5086,21.3884,-0.0029
F008,2025,科技,-0.076,0.5454,21.3514,0.2569
F009,2018,科技,0.0886,0.4928,21.7879,0.2706
F009,2019,科技,0.02015,0.4639,21.9616,0.1649
F009,2020,科技,0.01873,0.4685,21.8202,0.1508
F009,2021,科技,0.01489,0.548,21.9813,0.2879
F009,2022,科技,0.02961,0.5506,22.1172,0.4003
F009,2023,科技,0.00193,0.5539,22.1498,0.4093
F009,2024,科技,0.10059,0.3986,22.0634,0.354
F009,2025,科技,0.01703,0.5368,22.1111,0.2157
F010,2018,金融,-0.05594,0.51,20.5268,-0.105
F010,2019,金融,-0.0212,0.4779,20.4124,0.1241
F010,2020,金融,-0.02503,0.514,20.5643,-0.0174
F010,2021,金融,0.03005,0.5192,20.5022,-0.1226
F010,2022,金融,0.00784,0.544,20.6483,0.2014
F010,2023,金融,0.02267,0.5432,20.7812,0.1067
F010,2024,金融,0.01863,0.5491,20.7167,0.2128
F010,2025,金融,-0.0484,0.5282,20.7907,-0.144
F011,2018,科技,0.07177,0.3471,20.9704,0.2932
F011,2019,科技,0.04681,0.4151,21.0677,0.1487
F011,2020,科技,0.03697,0.4222,21.4529,0.2068
F011,2021,科技,0.02559,0.4474,21.2862,0.0285
F011,2022,科技,0.08984,0.4698,21.3519,0.2963
F011,2023,科技,0.03632,0.5406,21.3348,-0.0084
F011,2024,科技,0.01657,0.4613,21.5338,0.2904
F011,2025,科技,0.04516,0.4507,21.5022,0.0859
F012,2018,科技,-0.0213,0.6438,22.4198,0.1497
F012,2019,科技,-0.07165,0.68,22.4809,0.1849
F012,2020,科技,-0.04962,0.6755,22.5557,0.1118
F012,2021,科技,-0.10194,0.7238,22.8625,0.0653
F012,2022,科技,-0.06647,0.6245,22.7165,-0.1128
F012,2023,科技,-0.10294,0.6455,22.9529,0.0328
F012,2024,科技,-0.07334,0.674,22.872,0.0806
F012,2025,科技,-0.0948,0.6081,22.9124,-0.0264
F013,2018,工业,0.12259,0.3209,23.9303,0.0449
F013,2019,工业,0.03353,0.5027,23.849,0.2141
F013,2020,工业,0.10936,0.4807,23.8737,0.2014
F013,2021,工业,0.1163,0.4298,23.9399,0.3038
F013,2022,工业,0.09784,0.5201,24.0915,0.0759
F013,2023,工业,0.03532,0.4468,24.1299,-0.0797
F013,2024,工业,0.08241,0.3167,24.0175,0.1242
F013,2025,工业,0.11401,0.4609,24.2413,0.2443
F014,2018,金融,-0.0176,0.4038,20.6904,0.1912
F014,2019,金融,0.01933,0.4678,20.7224,0.1074
F014,2020,金融,-0.00217,0.4058,20.4886,-0.018
F014,2021,金融,-0.00406,0.3803,20.8261,0.0364
F014,2022,金融,0.00159,0.4418,20.743,0.0983
F014,2023,金融,0.05098,0.493,20.7033,0.1185
F014,2024,金融,0.00891,0.4301,20.8493,0.0845
F014,2025,金融,0.01429,0.4515,21.0111,-0.0463
F015,2018,金融,-0.05019,0.4934,21.8301,0.1415
F015,2019,金融,0.03942,0.3901,21.7429,0.3042
F015,2020,金融,0.06016,0.4175,22.0058,0.1686
F015,2021,金融,0.05013,0.4126,22.0647,0.2342
F015,2022,金融,-0.00814,0.4801,21.9439,0.1238
F015,2023,金融,0.02214,0.5242,22.0984,-0.0137
F015,2024,金融,0.00532,0.4248,22.1543,0.1885
F015,2025,金融,0.00552,0.4543,22.1915,-0.0138
F016,2018,金融,0.01094,0.485,22.9896,0.1162
F016,2019,金融,0.05561,0.3906,23.0958,0.2438
F016,2020,金融,0.01567,0.5207,23.0773,0.0762
F016,2021,金融,0.05569,0.5679,22.9847,0.2831
F016,2022,金融,0.06684,0.4973,23.0433,0.2871
F016,2023,金融,-0.04736,0.5566,23.1552,0.1269
F016,2024,金融,-0.00443,0.5111,23.1728,-0.1521
F016,2025,金融,0.05202,0.5248,23.4382,0.2059
F017,2018,科技,0.04798,0.4219,22.5928,0.1531
F017,2019,科技,0.031,0.4846,22.6077,0.166
F017,2020,科技,0.07975,0.4923,22.8266,0.4997
F017,2021,科技,-0.00295,0.474,22.7277,0.1161
F017,2022,科技,0.00167,0.555,22.6985,-0.1214
F017,2023,科技,0.10227,0.4092,22.9257,-0.0014
F017,2024,科技,-0.0104,0.4488,23.0707,0.0084
F017,2025,科技,-0.00444,0.4868,22.9999,0.0725
F018,2018,工业,0.05777,0.3151,21.2297,0.3795
F018,2019,工业,-0.02164,0.3693,21.3548,0.0557
F018,2020,工业,0.01923,0.4004,21.2529,0.0836
F018,2021,工业,0.06801,0.3654,21.648,0.1486
F018,2022,工业,0.03252,0.433,21.5226,-0.1277
F018,2023,工业,0.0951,0.3438,21.5527,0.0486
F018,2024,工业,0.04519,0.3581,21.6695,0.2574
F018,2025,工业,0.07486,0.4257,21.7348,0.27
F019,2018,公用,0.11517,0.2711,22.5618,0.0923
F019,2019,公用,0.07543,0.3926,22.6726,0.2625
F019,2020,公用,0.02369,0.3176,22.8912,0.1117
F019,2021,公用,0.12063,0.3614,22.8126,0.1289
F019,2022,公用,0.08887,0.2809,22.9107,0.0319
F019,2023,公用,0.10912,0.367,22.9157,-0.0679
F019,2024,公用,0.031,0.3041,22.9655,-0.3578
F019,2025,公用,0.12873,0.3452,23.021,0.5104
F020,2018,金融,0.05723,0.4355,21.8076,0.2328
F020,2019,金融,0.03793,0.4014,21.9044,0.2785
F020,2020,金融,-0.02096,0.4178,22.2582,0.1645
F020,2021,金融,0.00291,0.5336,21.9135,0.1086
F020,2022,金融,0.0263,0.4859,22.0345,0.1482
F020,2023,金融,-0.06983,0.4098,22.1788,-0.0359
F020,2024,金融,-0.01545,0.5064,22.1862,0.1156
F020,2025,金融,0.02136,0.4971,22.1731,0.0012
F021,2018,金融,0.01598,0.5879,21.2586,-0.008
F021,2019,金融,0.03692,0.5926,21.3285,0.169
F021,2020,金融,0.06446,0.5773,21.3628,0.2267
F021,2021,金融,-0.04201,0.6126,21.3592,0.0294
F021,2022,金融,-0.04874,0.5242,21.5736,0.1915
F021,2023,金融,0.0012,0.6574,21.5098,0.2794
F021,2024,金融,-0.08187,0.6216,21.7169,-0.0574
F021,2025,金融,-0.06649,0.6399,21.5612,0.0722
F022,2018,科技,0.05778,0.2599,21.9565,0.0218
F022,2019,科技,0.0615,0.3205,22.0661,0.1262
F022,2020,科技,0.07764,0.261,22.0745,0.0492
F022,2021,科技,0.09825,0.2943,21.8722,0.2415
F022,2022,科技,0.10451,0.3612,21.902,0.1806
F022,2023,科技,0.03216,0.3233,21.9431,0.1101
F022,2024,科技,0.07645,0.3139,22.1978,-0.0624
F022,2025,科技,0.06358,0.3135,22.1819,0.0156
F023,2018,金融,-0.00081,0.4738,22.523,0.2069
F023,2019,金融,-0.05066,0.5134,22.6301,-0.097
F023,2020,金融,-0.03124,0.5555,22.5394,-0.243
F023,2021,金融,0.0038,0.5092,22.6855,0.1722
F023,2022,金融,-0.00238,0.4758,22.6184,0.0432
F023,2023,金融,-0.04637,0.4516,22.8506,-0.1863
F023,2024,金融,-0.02062,0.4852,22.622,-0.12
F023,2025,金融,0.03671,0.4786,22.7825,0.3717
F024,2018,科技,-0.04673,0.6427,20.203,0.3126
F024,2019,科技,-0.06526,0.5649,20.3704,0.1909
F024,2020,科技,-0.1892,0.6001,20.2955,-0.1196
F024,2021,科技,-0.07468,0.57,20.47,0.127
F024,2022,科技,-0.07455,0.5492,20.3982,0.1434
F024,2023,科技,-0.10597,0.6718,20.4967,0.4161
F024,2024,科技,-0.09573,0.6071,20.7102,0.0992
F024,2025,科技,-0.11884,0.5841,20.6387,-0.058
F025,2018,公用,0.11138,0.386,21.6124,-0.053
F025,2019,公用,0.07031,0.4017,21.6556,0.095
F025,2020,公用,0.08012,0.3931,21.7769,0.1801
F025,2021,公用,0.06697,0.432,21.7806,0.3194
F025,2022,公用,0.04651,0.4346,21.9685,-0.0438
F025,2023,公用,0.00628,0.3988,21.8932,-0.1129
F025,2024,公用,0.08316,0.4267,21.8608,0.2957
F025,2025,公用,0.10068,0.3957,21.7756,0.2576
F026,2018,科技,0.06912,0.3878,23.4593,0.0458
F026,2019,科技,0.15681,0.3897,23.4087,0.0496
F026,2020,科技,0.12136,0.3822,23.493,0.196
F026,2021,科技,0.0924,0.4236,23.6411,0.2072
F026,2022,科技,0.08487,0.3966,23.5494,0.2367
F026,2023,科技,0.14684,0.4012,23.7303,0.3422
F026,2024,科技,0.09387,0.3408,23.9046,0.273
F026,2025,科技,0.0968,0.3649,23.8784,0.2578
F027,2018,工业,0.05675,0.3839,20.7544,0.1783
F027,2019,工业,0.11685,0.3397,20.8347,0.1776
F027,2020,工业,0.03702,0.3337,20.8473,0.1785
F027,2021,工业,0.13621,0.259,20.7821,0.1858
F027,2022,工业,0.08301,0.2715,20.8672,0.0395
F027,2023,工业,0.08099,0.3329,20.9928,-0.0891
F027,2024,工业,0.11066,0.3312,21.1307,0.0203
F027,2025,工业,0.0716,0.2446,21.1051,0.1702
F028,2018,消费,0.05691,0.5325,24.122,0.2693
F028,2019,消费,0.03226,0.6195,24.2253,0.0497
F028,2020,消费,0.03132,0.491,24.3375,0.2239
F028,2021,消费,-0.03116,0.506,24.4142,0.0324
F028,2022,消费,0.04751,0.4581,24.4355,0.4611
F028,2023,消费,0.01935,0.5429,24.4641,0.1419
F028,2024,消费,0.03547,0.5588,24.3784,0.0434
F028,2025,消费,0.00221,0.5118,24.4948,0.2761
F029,2018,消费,0.15123,0.368,22.7674,-0.0204
F029,2019,消费,0.08803,0.3699,22.7797,0.1032
F029,2020,消费,0.13216,0.3274,22.8721,-0.1655
F029,2021,消费,0.16077,0.3835,22.8744,0.0404
F029,2022,消费,0.13299,0.286,22.962,-0.043
F029,2023,消费,0.15909,0.3245,23.0604,-0.0047
F029,2024,消费,0.09501,0.3681,23.1613,0.1014
F029,2025,消费,0.10992,0.3499,23.3042,0.0291
F030,2018,金融,-0.05317,0.5998,22.2442,0.0273
F030,2019,金融,-0.16974,0.6359,22.5122,0.0733
F030,2020,金融,-0.07322,0.6588,22.383,0.1009
F030,2021,金融,-0.13637,0.6083,22.4089,-0.0061
F030,2022,金融,-0.05179,0.5989,22.6547,0.1089
F030,2023,金融,-0.07845,0.5138,22.7262,0.029
F030,2024,金融,-0.14224,0.5938,22.6112,0.1444
F030,2025,金融,-0.09093,0.5254,22.5887,-0.1198
F031,2018,工业,0.11374,0.3274,22.4808,-0.2531
F031,2019,工业,0.07921,0.4621,22.4992,0.2312
F031,2020,工业,0.08902,0.4279,22.3747,-0.1127
F031,2021,工业,0.00327,0.3967,22.5104,-0.1912
F031,2022,工业,0.06441,0.3922,22.6218,-0.0251
F031,2023,工业,0.13326,0.3521,22.9023,0.1166
F031,2024,工业,0.10138,0.3667,22.9879,0.1073
F031,2025,工业,0.11004,0.3675,22.9457,-0.1345
F032,2018,金融,-0.02822,0.4671,22.4551,0.0184
F032,2019,金融,0.0464,0.5416,22.8487,0.2143
F032,2020,金融,-0.0489,0.5279,22.5628,0.1442
F032,2021,金融,0.02892,0.5107,22.9238,0.1488
F032,2022,金融,0.02143,0.5101,22.5915,-0.0152
F032,2023,金融,0.03386,0.4874,22.6952,0.1154
F032,2024,金融,-0.0279,0.4818,22.8997,0.0035
F032,2025,金融,0.0022,0.4449,23.0201,0.2655
F033,2018,工业,-0.07172,0.4581,22.1468,0.1156
F033,2019,工业,0.03105,0.5188,22.1294,-0.0749
F033,2020,工业,0.01683,0.434,22.1378,0.0059
F033,2021,工业,0.07632,0.4953,22.1917,0.2159
F033,2022,工业,0.01881,0.4825,22.3618,0.1247
F033,2023,工业,0.11165,0.3914,22.3146,0.0626
F033,2024,工业,0.01933,0.4904,22.2427,-0.0248
F033,2025,工业,0.02011,0.4638,22.2785,0.0269
F034,2018,消费,-0.00202,0.4177,23.9009,0.0009
F034,2019,消费,0.04195,0.4898,24.0046,0.1134
F034,2020,消费,-0.01206,0.3957,24.0417,-0.0128
F034,2021,消费,0.09319,0.4363,24.0303,0.0756
F034,2022,消费,0.05192,0.4206,24.2443,0.1252
F034,2023,消费,0.02063,0.4659,23.8494,-0.1889
F034,2024,消费,0.02106,0.4572,24.2273,-0.0498
F034,2025,消费,0.03219,0.4721,24.2315,0.0683
F035,2018,金融,0.07117,0.3496,22.2141,0.4568
F035,2019,金融,0.08354,0.3958,22.4231,0.2159
F035,2020,金融,0.05268,0.4181,22.5692,0.0285
F035,2021,金融,0.09431,0.3953,22.5435,-0.1283
F035,2022,金融,0.1076,0.3362,22.7343,0.0888
F035,2023,金融,0.07186,0.3146,22.6671,0.0223
F035,2024,金融,0.10016,0.3368,22.8105,-0.0861
F035,2025,金融,0.13627,0.4299,22.8232,-0.0814
F036,2018,科技,0.02877,0.4203,21.421,0.2469
F036,2019,科技,0.05548,0.3792,21.2955,0.2992
F036,2020,科技,0.03567,0.4789,21.6242,0.1566
F036,2021,科技,0.04852,0.4294,21.5199,0.2018
F036,2022,科技,0.03052,0.4884,21.6022,0.1197
F036,2023,科技,0.03689,0.42,21.7856,0.3182
F036,2024,科技,0.02197,0.456,21.5912,-0.1182
F036,2025,科技,0.03515,0.4148,21.7971,0.3992
F037,2018,消费,-0.03273,0.4433,22.1062,-0.0668
F037,2019,消费,-0.02893,0.5656,21.809,0.1312
F037,2020,消费,0.01587,0.5086,22.0613,-0.0531
F037,2021,消费,0.02367,0.587,22.2288,0.1494
F037,2022,消费,0.04521,0.5298,22.5148,0.2745
F037,2023,消费,0.06662,0.4375,22.3539,0.1455
F037,2024,消费,0.04798,0.4342,22.2204,0.0069
F037,2025,消费,0.06342,0.4602,22.4169,0.095
F038,2018,公用,0.00561,0.5036,21.4667,-0.0762
F038,2019,公用,0.01064,0.46,21.7541,0.1596
F038,2020,公用,0.02539,0.522,21.5838,0.1294
F038,2021,公用,0.04615,0.5888,21.6743,0.0771
F038,2022,公用,-0.03146,0.3794,21.7837,0.0284
F038,2023,公用,0.02861,0.4331,21.8998,0.3287
F038,2024,公用,0.02713,0.3861,21.9058,0.1299
F038,2025,公用,0.01477,0.4822,21.8146,-0.0125
F039,2018,消费,0.05401,0.444,22.2628,0.2812
F039,2019,消费,-0.00445,0.478,22.4018,0.2713
F039,2020,消费,0.02596,0.4322,22.3751,-0.0904
F039,2021,消费,-0.04561,0.3617,22.4573,0.029
F039,2022,消费,0.01677,0.3426,22.3212,-0.0525
F039,2023,消费,0.00195,0.3189,22.5324,0.2815
F039,2024,消费,-0.04092,0.477,22.476,0.027
F039,2025,消费,0.01271,0.4473,22.6158,0.0177
F040,2018,公用,0.03719,0.4348,20.6258,0.2468
F040,2019,公用,0.06299,0.4461,20.7316,-0.0596
F040,2020,公用,0.08707,0.453,20.7796,0.0398
F040,2021,公用,0.0881,0.4227,20.8947,0.0652
F040,2022,公用,0.06514,0.4342,20.9114,0.0773
F040,2023,公用,0.03425,0.3329,20.971,-0.1606
F040,2024,公用,0.03652,0.4974,20.9956,-0.0613
F040,2025,公用,0.0323,0.4914,21.0743,0.1611
F041,2018,工业,0.04147,0.4882,22.6278,0.0399
F041,2019,工业,0.02948,0.5592,22.7038,0.3027
F041,2020,工业,0.00287,0.5848,22.6467,0.2024
F041,2021,工业,0.04325,0.5347,22.9,0.405
F041,2022,工业,0.07589,0.5503,22.9127,0.2169
F041,2023,工业,0.04311,0.5122,23.0097,0.0018
F041,2024,工业,0.06454,0.5375,22.9226,-0.0232
F041,2025,工业,-0.01754,0.5358,23.075,0.066
F042,2018,消费,0.07272,0.396,22.0258,0.1101
F042,2019,消费,0.12598,0.3204,21.6535,0.1152
F042,2020,消费,0.16224,0.3629,21.7855,0.2293
F042,2021,消费,0.0405,0.4025,22.1147,0.1235
F042,2022,消费,0.08596,0.36,22.117,0.1173
F042,2023,消费,0.08928,0.3968,22.2373,0.1682
F042,2024,消费,0.15596,0.4023,22.1719,0.4022
F042,2025,消费,0.10659,0.3838,22.029,-0.156
F043,2018,消费,0.08793,0.3333,21.2721,0.213
F043,2019,消费,0.01932,0.4051,21.2533,0.0831
F043,2020,消费,0.04281,0.4059,21.2705,0.3543
F043,2021,消费,0.02907,0.4144,21.3075,0.2029
F043,2022,消费,0.04952,0.3967,21.3809,0.1389
F043,2023,消费,0.02025,0.4206,21.4677,0.0529
F043,2024,消费,0.01203,0.4624,21.5872,0.1247
F043,2025,消费,0.05376,0.4102,21.5938,0.1514
F044,2018,工业,-0.04179,0.5846,22.3447,0.1093
F044,2019,工业,-0.01128,0.5205,22.4317,0.2717
F044,2020,工业,-0.01364,0.561,22.3431,0.13
F044,2021,工业,-0.05875,0.4951,22.5439,-0.0334
F044,2022,工业,0.02266,0.5588,22.388,0.2072
F044,2023,工业,0.00778,0.477,22.3978,-0.0638
F044,2024,工业,-0.05768,0.5805,22.6464,0.2772
F044,2025,工业,0.00501,0.5721,22.6875,0.3563
F045,2018,金融,0.03841,0.4911,22.1013,0.1644
F045,2019,金融,0.06868,0.4435,22.4538,0.3459
F045,2020,金融,0.02085,0.5206,22.3603,-0.0024
F045,2021,金融,-0.02108,0.4147,22.3804,0.1658
F045,2022,金融,0.10525,0.4329,22.4624,0.3316
F045,2023,金融,0.00026,0.4115,22.6216,0.1082
F045,2024,金融,0.01428,0.5124,22.6834,-0.0232
F045,2025,金融,0.0516,0.3474,22.6257,0.2977
F046,2018,科技,0.06543,0.3619,21.2982,0.3755
F046,2019,科技,0.04364,0.4277,21.1323,0.1445
F046,2020,科技,0.03809,0.4356,21.267,0.3288
F046,2021,科技,-0.00574,0.3943,21.3922,0.0481
F046,2022,科技,0.03276,0.3873,21.369,-0.0185
F046,2023,科技,0.02913,0.4813,21.3683,0.1183
F046,2024,科技,0.04692,0.4437,21.4941,-0.0145
F046,2025,科技,0.04146,0.4729,21.4515,0.0636
F047,2018,公用,0.00312,0.4797,23.069,-0.2631
F047,2019,公用,-0.00105,0.629,22.9739,0.1229
F047,2020,公用,0.01991,0.5299,23.1255,0.0278
F047,2021,公用,0.03965,0.5897,23.2267,0.0765
F047,2022,公用,0.06474,0.4757,23.3614,0.2333
F047,2023,公用,-0.01703,0.523,23.348,-0.1125
F047,2024,公用,0.02252,0.4651,23.4092,0.0544
F047,2025,公用,-0.03632,0.5832,23.3586,-0.1144
F048,2018,工业,-0.05456,0.6066,22.5954,0.1639
F048,2019,工业,-0.0436,0.6023,22.6656,0.1032
F048,2020,工业,0.00599,0.5709,22.709,0.1138
F048,2021,工业,-0.03763,0.6152,22.6697,0.0714
F048,2022,工业,-0.01292,0.6431,22.7245,0.0928
F048,2023,工业,0.01733,0.6299,22.6927,0.075
F048,2024,工业,-0.06765,0.5338,22.814,0.0309
F048,2025,工业,-0.0068,0.628,23.0676,0.2745
F049,2018,公用,0.13447,0.3117,21.904,0.2494
F049,2019,公用,0.08379,0.433,21.8052,0.3304
F049,2020,公用,0.11991,0.3712,22.0788,0.2795
F049,2021,公用,0.1457,0.3198,22.2431,-0.0884
F049,2022,公用,0.06965,0.4098,22.1951,0.0864
F049,2023,公用,0.14035,0.3667,22.2746,0.0318
F049,2024,公用,0.10211,0.3637,22.4693,-0.3989
F049,2025,公用,0.11223,0.4643,22.4711,0.1488
F050,2018,金融,0.04638,0.3872,21.0983,-0.0025
F050,2019,金融,0.11038,0.3789,20.9618,0.1084
F050,2020,金融,0.14938,0.2771,21.3167,0.2164
F050,2021,金融,0.07758,0.2969,21.3391,-0.1324
F050,2022,金融,0.12981,0.4044,21.3689,0.1747
F050,2023,金融,0.17814,0.2732,21.3739,-0.0543
F050,2024,金融,0.12152,0.3321,21.3841,0.1067
F050,2025,金融,0.07955,0.251,21.4162,0.07
F051,2018,科技,-0.08226,0.6275,23.5735,0.1571
F051,2019,科技,0.01936,0.4712,23.9443,0.1023
F051,2020,科技,-0.03419,0.5283,23.6533,0.0599
F051,2021,科技,-0.03762,0.4878,23.7643,0.0684
F051,2022,科技,-0.0538,0.5686,23.9665,0.2033
F051,2023,科技,-0.06594,0.5673,23.8762,0.3162
F051,2024,科技,-0.04388,0.5845,23.8672,0.1015
F051,2025,科技,-0.02761,0.5635,24.128,0.1372
F052,2018,消费,0.07727,0.4892,22.2013,0.2527
F052,2019,消费,0.08844,0.4243,22.4428,-0.1069
F052,2020,消费,0.05024,0.4368,22.4911,0.1906
F052,2021,消费,0.11722,0.392,22.4149,0.0527
F052,2022,消费,0.05258,0.4873,22.6734,-0.0064
F052,2023,消费,0.06486,0.4054,22.5468,0.0484
F052,2024,消费,0.03723,0.4735,22.7709,0.0255
F052,2025,消费,0.03008,0.5385,22.9536,0.2641
F053,2018,金融,0.02818,0.4714,23.509,0.2106
F053,2019,金融,0.02478,0.4065,23.3331,0.0354
F053,2020,金融,-0.00239,0.4799,23.4998,0.0362
F053,2021,金融,0.01961,0.3527,23.5877,-0.1669
F053,2022,金融,0.05411,0.4078,23.6044,-0.2145
F053,2023,金融,0.00224,0.4872,23.5579,0.1188
F053,2024,金融,0.02194,0.4544,23.7191,0.0477
F053,2025,金融,-0.02225,0.4125,23.7995,0.038
F054,2018,金融,0.04918,0.3234,22.3614,0.1895
F054,2019,金融,0.09219,0.3894,22.4272,-0.0542
F054,2020,金融,0.14002,0.2608,22.3273,0.274
F054,2021,金融,0.09652,0.2293,22.4998,0.0935
F054,2022,金融,0.12766,0.3083,22.3769,0.1226
F054,2023,金融,0.08652,0.2785,22.6311,-0.1211
F054,2024,金融,0.11891,0.3198,22.5788,0.2855
F054,2025,金融,0.04922,0.2835,22.5348,0.0846
F055,2018,科技,-0.10002,0.5161,22.1624,0.0094
F055,2019,科技,-0.13229,0.5605,22.3413,-0.1592
F055,2020,科技,-0.04434,0.497,22.5113,0.141
F055,2021,科技,-0.05286,0.4143,22.4694,-0.1494
F055,2022,科技,-0.04529,0.5234,22.4316,0.0352
F055,2023,科技,-0.03576,0.6077,22.669,0.2505
F055,2024,科技,-0.05593,0.5278,22.5695,-0.0313
F055,2025,科技,-0.04805,0.5758,22.5929,0.1793
F056,2018,工业,-0.01716,0.4076,22.3942,-0.0161
F056,2019,工业,-0.03099,0.444,22.4123,0.0857
F056,2020,工业,-0.01671,0.4556,22.4456,0.1955
F056,2021,工业,0.05923,0.4561,22.4558,-0.0066
F056,2022,工业,0.01046,0.4732,22.5161,0.1832
F056,2023,工业,-0.02816,0.4838,22.593,0.1138
F056,2024,工业,0.03054,0.5456,22.609,0.02
F056,2025,工业,-0.05199,0.5594,22.6556,-0.0675
F057,2018,金融,-0.02153,0.4585,21.8571,0.0224
F057,2019,金融,-0.05557,0.4877,21.7138,0.0312
F057,2020,金融,0.02568,0.4377,21.7226,0.1969
F057,2021,金融,0.06052,0.4254,21.8001,0.457
F057,2022,金融,-0.01076,0.4844,21.7543,0.3013
F057,2023,金融,0.00254,0.4325,21.9078,0.1216
F057,2024,金融,-0.02266,0.401,22.1388,0.1327
F057,2025,金融,-0.05009,0.5254,21.9878,0.0854
F058,2018,消费,-0.09274,0.6079,20.9617,-0.247
F058,2019,消费,-0.07403,0.6037,20.9735,0.3307
F058,2020,消费,-0.04216,0.7009,20.8906,0.1586
F058,2021,消费,-0.1274,0.6696,20.9992,0.1109
F058,2022,消费,-0.09154,0.5534,20.9124,0.0601
F058,2023,消费,-0.11405,0.6334,21.1005,0.1381
F058,2024,消费,-0.05985,0.5683,21.0559,0.0331
F058,2025,消费,-0.07512,0.6497,21.1534,0.2129
F059,2018,公用,-0.01689,0.5485,23.5922,0.039
F059,2019,公用,0.01967,0.4665,23.8104,0.0306
F059,2020,公用,0.01103,0.5142,23.8341,0.0154
F059,2021,公用,0.03754,0.5044,23.8772,0.1993
F059,2022,公用,0.07518,0.3162,23.9705,0.034
F059,2023,公用,-0.02615,0.43,24.1284,0.1121
F059,2024,公用,0.07962,0.4305,24.0262,0.1155
F059,2025,公用,0.06728,0.4586,23.9446,0.161
F060,2018,金融,-0.10035,0.5332,20.988,-0.0235
F060,2019,金融,-0.02606,0.449,20.9741,0.0644
F060,2020,金融,-0.03632,0.4936,21.3015,0.2368
F060,2021,金融,-0.04316,0.517,21.1187,-0.0931
F060,2022,金融,-0.07242,0.5095,21.3349,0.2052
F060,2023,金融,-0.06878,0.5416,21.4843,-0.0359
F060,2024,金融,-0.00503,0.4738,21.3786,0.0755
F060,2025,金融,-0.07793,0.5479,21.4175,0.0286
F061,2018,消费,0.09571,0.3184,22.0767,0.3093
F061,2019,消费,0.06937,0.3474,22.0924,-0.1158
F061,2020,消费,0.0955,0.2786,22.3857,-0.1854
F061,2021,消费,0.03334,0.3333,22.3753,0.1356
F061,2022,消费,0.0434,0.2444,22.4369,0.1061
F061,2023,消费,0.03107,0.2285,22.5169,0.123
F061,2024,消费,0.09693,0.2354,22.448,0.0875
F061,2025,消费,0.04969,0.3205,22.7652,0.1581
F062,2018,公用,0.0301,0.3523,22.21,-0.081
F062,2019,公用,0.03395,0.3247,22.0717,0.0108
F062,2020,公用,0.15383,0.1935,22.4327,0.0432
F062,2021,公用,0.06963,0.3517,22.3089,-0.0352
F062,2022,公用,0.06218,0.4449,22.6051,0.0405
F062,2023,公用,0.07169,0.3806,22.61,0.1757
F062,2024,公用,0.05996,0.3793,22.6218,0.2419
F062,2025,公用,0.11789,0.3402,22.3821,0.0282
F063,2018,科技,-0.02982,0.5679,23.555,0.0135
F063,2019,科技,-0.0932,0.6945,23.6958,-0.0205
F063,2020,科技,0.01014,0.5754,23.455,0.1406
F063,2021,科技,-0.01731,0.5771,23.5871,0.412
F063,2022,科技,-0.06504,0.5717,23.5586,0.0132
F063,2023,科技,-0.08517,0.6513,23.729,0.0827
F063,2024,科技,-0.13597,0.7044,23.7012,-0.1797
F063,2025,科技,-0.01959,0.4894,23.6683,0.1334
F064,2018,金融,0.10545,0.419,21.0955,0.5975
F064,2019,金融,0.08731,0.393,21.3584,0.0232
F064,2020,金融,0.04772,0.4315,21.2663,0.03
F064,2021,金融,0.17211,0.3718,21.5136,0.0238
F064,2022,金融,0.10353,0.4394,21.377,0.196
F064,2023,金融,0.10285,0.308,21.2388,0.1663
F064,2024,金融,0.09465,0.3435,21.4185,0.0938
F064,2025,金融,0.03225,0.3799,21.3133,-0.038
F065,2018,消费,0.10764,0.4418,21.6024,-0.1122
F065,2019,消费,0.11632,0.2907,21.5789,0.081
F065,2020,消费,0.08117,0.3194,21.7765,0.419
F065,2021,消费,0.03555,0.3194,21.6901,0.1195
F065,2022,消费,0.0731,0.3626,21.7602,-0.1628
F065,2023,消费,0.05605,0.4734,21.9301,0.1876
F065,2024,消费,0.06225,0.3821,21.8934,0.1911
F065,2025,消费,0.10386,0.3325,22.0024,0.3753
F066,2018,消费,-0.00987,0.4912,21.3438,0.135
F066,2019,消费,-0.06183,0.4666,21.4406,-0.0858
F066,2020,消费,0.02457,0.4216,21.4067,0.1929
F066,2021,消费,-0.00389,0.428,21.4025,0.0305
F066,2022,消费,0.02319,0.5438,21.3885,0.2195
F066,2023,消费,0.00623,0.5363,21.7653,0.1105
F066,2024,消费,-0.00158,0.5132,21.6234,0.1302
F066,2025,消费,0.00148,0.4865,21.6661,0.0637
F067,2018,消费,0.06599,0.3604,22.5448,0.0032
F067,2019,消费,0.04728,0.2793,22.653,0.1955
F067,2020,消费,0.08676,0.2646,22.7515,-0.1116
F067,2021,消费,0.07993,0.3211,22.7052,0.303
F067,2022,消费,0.04468,0.3008,22.9969,0.0285
F067,2023,消费,0.05675,0.2947,23.0147,0.0461
F067,2024,消费,0.05194,0.3712,22.9561,0.1019
F067,2025,消费,0.05828,0.3229,23.0028,-0.1396
F068,2018,金融,-0.0187,0.5647,19.6421,0.1535
F068,2019,金融,-0.03111,0.5861,19.565,0.141
F068,2020,金融,-0.0748,0.5211,19.7283,-0.0865
F068,2021,金融,0.01363,0.5894,20.0055,0.2616
F068,2022,金融,0.03049,0.5701,19.9844,0.0773
F068,2023,金融,0.05198,0.5109,19.9273,0.2231
F068,2024,金融,0.00212,0.5485,20.0034,-0.0648
F068,2025,金融,0.03771,0.5379,19.9759,0.2078
F069,2018,工业,0.00974,0.3726,21.176,0.2169
F069,2019,工业,0.04093,0.4652,21.1268,0.1637
F069,2020,工业,0.0709,0.3801,20.9886,0.2349
F069,2021,工业,0.00409,0.3966,21.2289,0.0727
F069,2022,工业,0.04486,0.3784,21.369,0.1523
F069,2023,工业,0.03828,0.3861,21.2597,0.0798
F069,2024,工业,0.05456,0.3426,21.2884,0.0724
F069,2025,工业,0.01455,0.4256,21.5045,-0.0579
F070,2018,科技,0.07702,0.4017,20.9473,0.2213
F070,2019,科技,0.13023,0.3775,21.0154,0.0083
F070,2020,科技,0.10658,0.3951,20.8934,0.4554
F070,2021,科技,0.04813,0.42,21.2421,0.2542
F070,2022,科技,0.10293,0.4477,21.2975,0.2585
F070,2023,科技,0.0344,0.434,21.1501,0.172
F070,2024,科技,0.04257,0.3965,21.2869,0.1322
F070,2025,科技,0.0886,0.4774,21.3531,-0.0157
F071,2018,工业,0.09775,0.3313,21.4354,0.098
F071,2019,工业,0.08131,0.2818,21.4224,-0.191
F071,2020,工业,0.02009,0.324,21.3971,0.1562
F071,2021,工业,0.09474,0.3068,21.7389,0.2863
F071,2022,工业,0.08752,0.3008,21.4956,0.2762
F071,2023,工业,0.08444,0.228,21.6782,0.1214
F071,2024,工业,0.14771,0.2348,21.7266,0.2
F071,2025,工业,0.09866,0.3,21.6076,0.207
F072,2018,工业,0.09575,0.3701,22.0263,0.1035
F072,2019,工业,0.11117,0.3778,22.1943,0.4071
F072,2020,工业,0.07354,0.3789,22.3579,0.0505
F072,2021,工业,0.10314,0.3358,22.3667,-0.0236
F072,2022,工业,0.11011,0.2739,22.3782,0.1928
F072,2023,工业,0.1305,0.3,22.4221,0.088
F072,2024,工业,0.10812,0.336,22.56,-0.0368
F072,2025,工业,0.13711,0.3864,22.5629,-0.0
F073,2018,金融,0.06062,0.4984,23.1176,0.1055
F073,2019,金融,0.05437,0.462,23.218,0.0372
F073,2020,金融,0.04744,0.4597,23.2722,-0.1393
F073,2021,金融,0.0144,0.4699,23.3258,0.1456
F073,2022,金融,0.0683,0.4588,23.3068,-0.1221
F073,2023,金融,0.02298,0.4032,23.0893,0.2969
F073,2024,金融,0.02449,0.5304,23.3252,-0.0333
F073,2025,金融,0.11421,0.3273,23.4071,0.2953
F074,2018,科技,0.02387,0.409,21.5723,-0.1379
F074,2019,科技,0.07097,0.3832,21.7968,0.2016
F074,2020,科技,0.01095,0.4967,21.8732,0.4829
F074,2021,科技,-0.01698,0.4346,21.854,-0.0703
F074,2022,科技,0.00991,0.5345,22.1084,0.23
F074,2023,科技,-0.00818,0.453,22.0973,0.1298
F074,2024,科技,0.03234,0.4465,22.0784,0.2276
F074,2025,科技,0.07002,0.4265,22.0583,0.2458
F075,2018,科技,-0.05904,0.4769,21.2338,-0.0375
F075,2019,科技,-0.03905,0.4957,21.4027,0.1634
F075,2020,科技,0.02074,0.5028,21.3927,0.1671
F075,2021,科技,-0.01275,0.4604,21.3761,0.0238
F075,2022,科技,-0.06097,0.566,21.544,0.0903
F075,2023,科技,0.02971,0.4744,21.5452,0.0825
F075,2024,科技,0.00172,0.4499,21.5839,0.1016
F075,2025,科技,-0.02007,0.5107,21.6771,-0.0135
F076,2018,消费,0.08298,0.3403,22.4896,-0.0181
F076,2019,消费,0.07663,0.344,22.5355,-0.247
F076,2020,消费,0.0671,0.3733,22.566,0.0029
F076,2021,消费,0.09697,0.3217,22.5319,0.0462
F076,2022,消费,0.07526,0.35,22.8919,0.1958
F076,2023,消费,0.06025,0.364,22.7077,0.1955
F076,2024,消费,0.10742,0.4257,22.7484,0.3894
F076,2025,消费,0.1126,0.4014,22.7381,0.3704
F077,2018,科技,0.06341,0.5438,22.1936,0.2862
F077,2019,科技,0.01683,0.3667,22.3253,-0.2647
F077,2020,科技,0.02563,0.4527,22.4345,0.1905
F077,2021,科技,0.07314,0.3258,22.2921,-0.0319
F077,2022,科技,0.05746,0.3801,22.4736,0.0599
F077,2023,科技,-0.02278,0.3354,22.3759,-0.0076
F077,2024,科技,-0.01278,0.4483,22.3694,-0.0351
F077,2025,科技,0.03833,0.4254,22.5622,0.1277
F078,2018,公用,-0.02888,0.5039,22.3128,-0.0159
F078,2019,公用,0.03788,0.4698,22.161,0.1903
F078,2020,公用,0.00275,0.5312,22.5129,0.1735
F078,2021,公用,-0.00801,0.4864,22.4275,-0.0341
F078,2022,公用,-0.00192,0.5176,22.5574,-0.1243
F078,2023,公用,-0.04961,0.5559,22.5417,0.0043
F078,2024,公用,-0.01294,0.5433,22.6076,-0.0965
F078,2025,公用,-0.00119,0.501,22.8375,-0.0284
F079,2018,工业,0.01518,0.5108,21.223,0.0179
F079,2019,工业,0.00822,0.5616,21.4452,0.1018
F079,2020,工业,-0.00119,0.4662,21.3577,0.3484
F079,2021,工业,-0.0123,0.5732,21.6242,0.0552
F079,2022,工业,0.01119,0.5582,21.765,0.1743
F079,2023,工业,0.01217,0.4674,21.7445,-0.0044
F079,2024,工业,-0.02006,0.5552,21.872,0.1969
F079,2025,工业,-0.04191,0.5606,21.7189,0.2054
F080,2018,公用,0.0122,0.3714,21.9996,0.0845
F080,2019,公用,0.04739,0.3291,21.9453,0.1426
F080,2020,公用,-0.00509,0.3392,22.1483,0.2583
F080,2021,公用,-0.01462,0.2647,22.0658,-0.0033
F080,2022,公用,0.04188,0.3667,22.1624,0.1212
F080,2023,公用,0.05242,0.2784,22.1147,0.1163
F080,2024,公用,0.06453,0.3133,22.2055,0.1302
F080,2025,公用,0.05454,0.2654,22.3208,0.0462
F081,2018,消费,0.00514,0.4477,23.6259,0.0017
F081,2019,消费,0.07119,0.3895,23.6279,0.0649
F081,2020,消费,0.02386,0.4356,23.5928,0.0755
F081,2021,消费,0.05923,0.4357,23.6419,0.1599
F081,2022,消费,0.04248,0.3727,23.7364,0.1496
F081,2023,消费,0.00871,0.4471,23.6568,0.1995
F081,2024,消费,0.03012,0.4443,23.7965,-0.0428
F081,2025,消费,-0.02968,0.491,23.9584,-0.112
F082,2018,消费,0.02396,0.3722,22.3854,0.0846
F082,2019,消费,0.06414,0.374,22.3737,0.1018
F082,2020,消费,0.08368,0.3993,22.2834,0.1048
F082,2021,消费,-0.02059,0.3943,22.4506,-0.3538
F082,2022,消费,0.02949,0.4063,22.4949,0.3299
F082,2023,消费,0.06549,0.3933,22.5773,0.0705
F082,2024,消费,0.02795,0.4559,22.4599,-0.0252
F082,2025,消费,0.04417,0.4355,22.7546,0.1523
F083,2018,工业,0.11796,0.3674,22.4796,0.1003
F083,2019,工业,0.10385,0.3573,22.516,0.0291
F083,2020,工业,0.04967,0.3701,22.5962,-0.0833
F083,2021,工业,0.10342,0.4032,22.4488,0.1864
F083,2022,工业,0.09044,0.3543,22.4939,0.1723
F083,2023,工业,0.1108,0.3469,22.498,-0.0924
F083,2024,工业,0.0725,0.4167,22.8032,0.214
F083,2025,工业,0.10207,0.4345,22.802,0.3635
F084,2018,公用,0.03566,0.2877,21.3752,0.0722
F084,2019,公用,0.08598,0.3777,21.388,0.1044
F084,2020,公用,-0.02069,0.4539,21.4182,0.0229
F084,2021,公用,0.05634,0.2966,21.3893,0.1715
F084,2022,公用,0.01313,0.4596,21.426,0.1447
F084,2023,公用,0.00996,0.4054,21.408,-0.0164
F084,2024,公用,0.01553,0.4607,21.3697,0.1147
F084,2025,公用,0.04408,0.3875,21.59,-0.0845
F085,2018,科技,-0.00788,0.5652,22.572,-0.039
F085,2019,科技,0.03819,0.4767,22.5829,0.0665
F085,2020,科技,-0.0045,0.5456,22.6599,0.2035
F085,2021,科技,-0.03119,0.5092,22.9756,0.3026
F085,2022,科技,-0.04132,0.5834,22.8641,0.1401
F085,2023,科技,-0.00167,0.5483,22.8618,0.294
F085,2024,科技,-0.03826,0.508,22.9094,0.0161
F085,2025,科技,0.00573,0.5377,23.1068,0.1237
F086,2018,消费,0.05229,0.4348,21.3095,0.005
F086,2019,消费,0.07479,0.4063,21.3959,0.0334
F086,2020,消费,0.05152,0.3876,21.2797,0.2688
F086,2021,消费,0.07173,0.4691,21.3099,0.112
F086,2022,消费,0.08116,0.3587,21.446,0.3244
F086,2023,消费,0.05128,0.4456,21.6099,0.0711
F086,2024,消费,0.06065,0.4405,21.6655,0.2212
F086,2025,消费,0.05485,0.3874,21.7929,-0.1926
F087,2018,科技,-0.00267,0.3606,22.956,-0.0305
F087,2019,科技,0.00323,0.4534,23.1696,0.0741
F087,2020,科技,0.058,0.407,23.0006,0.2615
F087,2021,科技,0.03279,0.4227,23.3105,-0.125
F087,2022,科技,0.02419,0.4431,23.4099,0.1102
F087,2023,科技,0.05264,0.4257,23.2097,0.3518
F087,2024,科技,0.03929,0.445,23.5235,-0.0674
F087,2025,科技,0.02538,0.4276,23.2965,0.0632
F088,2018,消费,-0.07192,0.4598,22.5608,-0.1779
F088,2019,消费,-0.02483,0.4492,22.7141,-0.0
F088,2020,消费,-0.02115,0.4754,22.6702,-0.0425
F088,2021,消费,-0.01181,0.4949,22.7259,0.0376
F088,2022,消费,-0.05593,0.4114,22.9178,0.0854
F088,2023,消费,0.02855,0.4765,22.9134,0.3072
F088,2024,消费,-0.04449,0.4322,22.9006,-0.1882
F088,2025,消费,-0.01593,0.4442,23.0681,0.0946
F089,2018,消费,0.08027,0.3341,22.0839,0.0873
F089,2019,消费,0.03532,0.4122,22.1673,-0.0857
F089,2020,消费,0.04607,0.4467,22.2359,0.0332
F089,2021,消费,0.1249,0.4226,22.2964,0.1437
F089,2022,消费,0.12798,0.2873,22.2999,0.1937
F089,2023,消费,0.11496,0.433,22.3562,-0.0723
F089,2024,消费,0.10748,0.3247,22.4664,0.2346
F089,2025,消费,0.10544,0.3636,22.1761,0.2183
F090,2018,消费,0.07334,0.4029,21.1159,-0.2598
F090,2019,消费,0.05307,0.396,21.4476,0.3757
F090,2020,消费,0.11012,0.3683,21.3047,0.1768
F090,2021,消费,-0.00338,0.3916,21.2587,0.2589
F090,2022,消费,0.05521,0.4598,21.3664,0.1838
F090,2023,消费,0.02984,0.4288,21.5698,0.1559
F090,2024,消费,0.05614,0.402,21.689,0.1116
F090,2025,消费,0.01254,0.4118,21.5179,-0.2253
F091,2018,消费,0.00252,0.5183,22.2554,0.1211
F091,2019,消费,0.00251,0.3713,22.4841,0.4224
F091,2020,消费,0.05026,0.3612,22.6161,0.3904
F091,2021,消费,0.04937,0.3473,22.3761,0.0103
F091,2022,消费,-0.01561,0.3473,22.5808,-0.0878
F091,2023,消费,-0.00892,0.3776,22.5385,0.2876
F091,2024,消费,0.07797,0.3006,22.5746,0.2393
F091,2025,消费,0.01333,0.4173,22.6788,0.022
F092,2018,公用,0.05468,0.35,22.9483,0.3823
F092,2019,公用,0.12072,0.2624,23.0237,0.3318
F092,2020,公用,0.06287,0.3233,22.8609,-0.054
F092,2021,公用,0.07926,0.3368,22.9589,0.3197
F092,2022,公用,0.02517,0.3851,22.9908,-0.1515
F092,2023,公用,0.07747,0.3162,23.1718,0.2113
F092,2024,公用,0.07509,0.2858,22.9558,-0.1555
F092,2025,公用,0.07836,0.3133,23.145,0.2629
F093,2018,金融,0.08033,0.413,21.4946,0.149
F093,2019,金融,0.04543,0.3574,21.5121,0.233
F093,2020,金融,0.06673,0.4975,21.6493,0.2342
F093,2021,金融,0.05642,0.4117,21.7208,0.2004
F093,2022,金融,-0.0088,0.5338,21.6738,0.0369
F093,2023,金融,0.03965,0.4092,21.8603,0.2155
F093,2024,金融,0.05143,0.3338,21.8697,0.0181
F093,2025,金融,0.0651,0.3679,21.8499,0.1445
F094,2018,消费,0.03538,0.5334,23.46,0.2073
F094,2019,消费,0.03439,0.5631,23.6338,-0.0277
F094,2020,消费,0.0862,0.5328,23.7313,0.0653
F094,2021,消费,0.06938,0.5544,23.8664,0.0139
F094,2022,消费,0.05348,0.5234,23.6993,0.1117
F094,2023,消费,0.05416,0.4287,23.9588,0.2615
F094,2024,消费,0.06077,0.5654,23.8064,-0.0556
F094,2025,消费,0.03087,0.4944,24.0438,0.0137
F095,2018,公用,0.04358,0.4128,22.4183,0.0743
F095,2019,公用,0.06242,0.375,22.9025,0.2546
F095,2020,公用,0.02689,0.423,22.5611,-0.0005
F095,2021,公用,0.05837,0.3301,22.8796,-0.0584
F095,2022,公用,-0.01445,0.4168,23.023,-0.1341
F095,2023,公用,0.0633,0.379,22.9696,0.2054
F095,2024,公用,0.09839,0.4199,22.8674,0.1707
F095,2025,公用,0.03873,0.4255,22.8397,0.1122
F096,2018,科技,0.09347,0.3365,23.677,0.4011
F096,2019,科技,0.10447,0.4675,23.7901,0.2331
F096,2020,科技,0.12447,0.4887,23.5985,-0.1382
F096,2021,科技,0.15297,0.2775,23.7041,0.1792
F096,2022,科技,0.13107,0.3488,23.876,0.0623
F096,2023,科技,0.15518,0.3399,23.8847,0.2552
F096,2024,科技,0.11478,0.4244,23.823,0.2554
F096,2025,科技,0.16442,0.3535,24.0265,-0.2107
F097,2018,公用,0.06469,0.4334,20.8458,0.1797
F097,2019,公用,0.01789,0.4488,20.8939,0.0945
F097,2020,公用,0.06089,0.4524,20.7948,-0.1518
F097,2021,公用,0.00756,0.4516,20.7772,0.2489
F097,2022,公用,0.03948,0.4335,20.9047,0.2141
F097,2023,公用,0.04155,0.4037,20.9219,-0.1141
F097,2024,公用,0.04784,0.4251,21.0663,0.22
F097,2025,公用,0.01438,0.3866,21.0337,-0.1436
F098,2018,公用,0.01661,0.5536,21.3305,0.0698
F098,2019,公用,0.01279,0.5447,21.4655,-0.2779
F098,2020,公用,0.01399,0.5118,21.3953,0.1807
F098,2021,公用,0.03556,0.4405,21.4137,-0.0273
F098,2022,公用,0.01711,0.4817,21.7176,0.0114
F098,2023,公用,0.05924,0.5462,21.7075,0.4377
F098,2024,公用,0.06324,0.4146,21.7988,0.0069
F098,2025,公用,-0.03271,0.5667,21.7401,-0.0724
F099,2018,公用,0.12317,0.2103,23.1814,0.0721
F099,2019,公用,0.10996,0.2879,23.3794,0.2099
F099,2020,公用,0.13247,0.2896,23.364,0.1556
F099,2021,公用,0.15057,0.3421,23.5059,0.0655
F099,2022,公用,0.11649,0.3244,23.587,0.136
F099,2023,公用,0.17947,0.2391,23.7839,0.3289
F099,2024,公用,0.09818,0.3186,23.4089,0.0844
F099,2025,公用,0.13104,0.2746,23.6689,-0.1116
F100,2018,金融,0.06092,0.4941,22.4401,0.2116
F100,2019,金融,0.01252,0.5467,22.3097,0.1619
F100,2020,金融,0.01912,0.5623,22.3467,0.0496
F100,2021,金融,0.0108,0.5272,22.485,0.2133
F100,2022,金融,0.00587,0.5394,22.4887,0.1435
F100,2023,金融,-0.01218,0.4858,22.6349,-0.0896
F100,2024,金融,0.02607,0.5683,22.6869,0.1879
F100,2025,金融,0.0146,0.542,22.6517,0.0499
F101,2018,公用,-0.0384,0.4516,21.2618,-0.0576
F101,2019,公用,-0.00888,0.4556,21.3444,-0.0575
F101,2020,公用,-0.0117,0.4657,21.4576,-0.0599
F101,2021,公用,0.01776,0.4745,21.4349,0.4108
F101,2022,公用,-0.04377,0.4405,21.5596,0.1909
F101,2023,公用,0.02242,0.4348,21.5329,0.0794
F101,2024,公用,0.04164,0.5395,21.7188,0.0265
F101,2025,公用,-0.08622,0.5236,21.7952,-0.0459
F102,2018,科技,0.06702,0.4814,22.9966,0.2231
F102,2019,科技,0.09156,0.5292,23.1456,0.1656
F102,2020,科技,0.02612,0.4486,22.9305,0.0117
F102,2021,科技,-0.03339,0.5762,23.1329,0.4341
F102,2022,科技,-0.0191,0.4857,22.954,-0.0576
F102,2023,科技,0.04104,0.4875,23.3258,0.2663
F102,2024,科技,-0.00201,0.5148,23.3857,0.0898
F102,2025,科技,0.07346,0.4677,23.3663,-0.0056
F103,2018,公用,-0.00534,0.365,22.0751,0.1096
F103,2019,公用,0.00257,0.4555,22.0071,0.1171
F103,2020,公用,-0.01114,0.4609,21.9864,0.0862
F103,2021,公用,-0.01429,0.548,22.3104,0.08
F103,2022,公用,-0.00455,0.3951,22.2237,0.1679
F103,2023,公用,0.02429,0.4361,22.1889,0.1432
F103,2024,公用,0.01966,0.3767,22.3218,0.0381
F103,2025,公用,0.01069,0.4416,22.4401,0.0186
F104,2018,科技,0.01736,0.5095,22.6197,-0.1646
F104,2019,科技,0.00142,0.549,22.4783,-0.0205
F104,2020,科技,0.01801,0.406,22.4835,0.2033
F104,2021,科技,0.00835,0.45,22.6545,0.0331
F104,2022,科技,0.05912,0.369,22.5279,0.0339
F104,2023,科技,0.01202,0.4162,22.6524,-0.0296
F104,2024,科技,-0.00538,0.4749,22.769,0.192
F104,2025,科技,0.01979,0.5282,22.7072,0.0964
F105,2018,工业,0.0599,0.5708,21.8893,0.249
F105,2019,工业,0.00691,0.5456,22.14,-0.0885
F105,2020,工业,-0.00164,0.4646,21.9719,0.5119
F105,2021,工业,0.05524,0.6302,22.243,0.3947
F105,2022,工业,-0.08342,0.6024,21.9605,0.0782
F105,2023,工业,0.00714,0.6208,22.3484,-0.0148
F105,2024,工业,0.01775,0.7205,22.3335,0.2356
F105,2025,工业,-0.03894,0.5734,22.4874,-0.0248
F106,2018,消费,0.09726,0.4752,20.2787,-0.0076
F106,2019,消费,0.10492,0.4013,20.4703,0.0903
F106,2020,消费,0.12612,0.4049,20.6583,0.0682
F106,2021,消费,0.06378,0.4206,20.4735,0.0328
F106,2022,消费,0.13012,0.4384,20.4423,0.243
F106,2023,消费,0.09733,0.4867,20.7189,0.4533
F106,2024,消费,0.01183,0.4157,20.7984,-0.0428
F106,2025,消费,0.07782,0.4318,20.765,0.445
F107,2018,消费,0.06774,0.2802,21.3213,-0.0578
F107,2019,消费,0.07398,0.3593,21.4449,0.0376
F107,2020,消费,0.1048,0.4466,21.4918,0.1754
F107,2021,消费,0.08283,0.4482,21.6272,-0.0241
F107,2022,消费,0.10398,0.5094,21.6701,-0.0077
F107,2023,消费,0.09605,0.3301,21.8247,0.3741
F107,2024,消费,0.04124,0.4375,21.6531,0.0127
F107,2025,消费,0.09471,0.3276,21.8039,-0.0104
F108,2018,消费,0.0042,0.5704,23.4353,0.3854
F108,2019,消费,-0.01824,0.595,23.5127,0.2738
F108,2020,消费,-0.02196,0.5283,23.6153,0.0839
F108,2021,消费,-0.02824,0.4813,23.5087,0.338
F108,2022,消费,-0.01727,0.563,23.6755,0.0839
F108,2023,消费,-0.08185,0.5098,23.658,-0.1308
F108,2024,消费,-0.0634,0.5067,23.4953,0.0022
F108,2025,消费,-0.00432,0.5268,23.6418,-0.0011
F109,2018,消费,-0.06675,0.6143,21.636,0.106
F109,2019,消费,-0.07199,0.6794,21.7149,0.129
F109,2020,消费,-0.10817,0.6443,21.7718,0.0588
F109,2021,消费,-0.00784,0.5422,21.8401,0.1027
F109,2022,消费,-0.1051,0.5844,21.7763,0.1963
F109,2023,消费,-0.07693,0.6383,21.6933,0.1899
F109,2024,消费,-0.02856,0.6626,21.7826,0.0587
F109,2025,消费,-0.0832,0.6549,22.0476,0.1822
F110,2018,科技,-0.06089,0.5981,24.1794,0.0969
F110,2019,科技,-0.0269,0.5831,24.2241,0.0601
F110,2020,科技,-0.04031,0.5248,24.3401,0.2452
F110,2021,科技,0.00612,0.5452,24.3616,0.1424
F110,2022,科技,0.06302,0.5306,24.2743,0.2289
F110,2023,科技,-0.00227,0.4933,24.3029,0.0337
F110,2024,科技,-0.06604,0.4982,24.3639,-0.2058
F110,2025,科技,-0.03148,0.4641,24.5888,0.0464
F111,2018,科技,-0.01465,0.512,21.9159,0.258
F111,2019,科技,-0.0559,0.5592,21.8502,0.1787
F111,2020,科技,0.01069,0.5435,21.952,0.1247
F111,2021,科技,0.00855,0.4405,22.0729,0.0802
F111,2022,科技,-0.01407,0.5757,22.047,0.3315
F111,2023,科技,-0.01893,0.4288,22.1968,0.2902
F111,2024,科技,-0.01508,0.6241,22.1815,0.1009
F111,2025,科技,-0.00679,0.6121,22.2874,0.0488
F112,2018,科技,-0.04322,0.5298,21.798,0.1351
F112,2019,科技,-0.05923,0.5448,21.9639,0.0131
F112,2020,科技,-0.12042,0.5413,21.7448,-0.1074
F112,2021,科技,-0.09362,0.4942,22.0704,-0.2432
F112,2022,科技,-0.09624,0.559,22.1537,-0.1128
F112,2023,科技,-0.01317,0.5863,22.0594,0.133
F112,2024,科技,-0.03777,0.554,22.2113,-0.1535
F112,2025,科技,-0.06432,0.6384,22.1559,0.25
F113,2018,公用,-0.03176,0.6162,21.2636,0.0373
F113,2019,公用,-0.06931,0.6181,21.3065,0.1834
F113,2020,公用,-0.08825,0.6652,21.4305,-0.0819
F113,2021,公用,-0.09874,0.6395,21.3684,-0.0543
F113,2022,公用,-0.03739,0.6415,21.5399,-0.0114
F113,2023,公用,-0.06653,0.597,21.4813,0.0974
F113,2024,公用,-0.06819,0.6095,21.6252,0.1031
F113,2025,公用,0.01405,0.6875,21.5739,0.2672
F114,2018,公用,0.03541,0.3807,23.8756,0.0019
F114,2019,公用,0.02222,0.5249,23.6496,0.0856
F114,2020,公用,0.06132,0.3363,24.142,0.1166
F114,2021,公用,0.06864,0.4638,23.8278,0.0327
F114,2022,公用,0.00926,0.463,24.2093,0.3173
F114,2023,公用,0.04126,0.4287,24.1717,0.2692
F114,2024,公用,0.03803,0.3555,24.1245,0.0645
F114,2025,公用,0.00321,0.4497,24.0599,0.047
F115,2018,金融,0.04314,0.5095,23.4206,0.1908
F115,2019,金融,0.04059,0.5242,23.6013,0.3744
F115,2020,金融,0.01027,0.4987,23.5917,0.0127
F115,2021,金融,0.04265,0.5118,23.5471,0.2795
F115,2022,金融,0.11699,0.4581,23.7318,0.313
F115,2023,金融,0.06972,0.4555,23.595,0.147
F115,2024,金融,0.02804,0.4704,23.8238,0.1444
F115,2025,金融,0.04542,0.4499,23.8265,0.2835
F116,2018,消费,0.01131,0.3092,20.9251,-0.0133
F116,2019,消费,0.11901,0.3159,20.9142,0.3266
F116,2020,消费,0.14078,0.2701,20.949,0.2475
F116,2021,消费,0.08216,0.3525,20.929,0.1408
F116,2022,消费,0.10155,0.2783,20.9989,0.0073
F116,2023,消费,0.12378,0.3053,21.1016,0.2458
F116,2024,消费,0.12776,0.3416,21.1941,0.0006
F116,2025,消费,0.1419,0.3267,21.2038,-0.0005
F117,2018,科技,0.11064,0.3427,22.1113,0.2511
F117,2019,科技,0.04143,0.4399,22.1006,0.0514
F117,2020,科技,0.0216,0.4432,22.1427,0.1909
F117,2021,科技,0.10583,0.4422,22.2048,0.1426
F117,2022,科技,0.0544,0.3725,22.2127,0.235
F117,2023,科技,0.1095,0.3796,22.2847,0.2667
F117,2024,科技,0.08498,0.3791,22.3787,0.097
F117,2025,科技,0.06689,0.3753,22.3454,0.0469
F118,2018,公用,0.07035,0.4395,21.824,-0.0328
F118,2019,公用,0.05112,0.4548,21.8795,-0.0118
F118,2020,公用,0.00464,0.5168,21.8267,0.1286
F118,2021,公用,0.03843,0.4538,21.8185,-0.019
F118,2022,公用,-0.01292,0.531,22.0463,0.13
F118,2023,公用,0.02476,0.5059,22.0649,-0.0449
F118,2024,公用,0.04396,0.5419,22.0635,-0.192
F118,2025,公用,-0.02311,0.5655,21.9638,-0.0393
F119,2018,公用,0.01941,0.4303,22.3826,0.2085
F119,2019,公用,0.04571,0.3153,22.6422,0.2233
F119,2020,公用,0.11305,0.3493,22.8158,0.0969
F119,2021,公用,0.08628,0.3716,22.7727,0.2762
F119,2022,公用,0.14806,0.3459,22.6225,0.2942
F119,2023,公用,0.06301,0.3654,22.8115,0.1071
F119,2024,公用,0.07766,0.3981,22.9613,0.1172
F119,2025,公用,0.12292,0.2987,23.1162,0.1203
F120,2018,科技,0.03831,0.4367,23.1742,0.0231
F120,2019,科技,0.01355,0.4218,23.3166,-0.0118
F120,2020,科技,0.07571,0.4995,23.4991,-0.0722
F120,2021,科技,0.03127,0.566,23.3984,0.3985
F120,2022,科技,0.04824,0.5177,23.4596,-0.046
F120,2023,科技,0.04926,0.4846,23.5244,-0.067
F120,2024,科技,-0.02337,0.4559,23.5636,0.0569
F120,2025,科技,0.04438,0.4079,23.5244,-0.1326
F121,2018,消费,0.08738,0.3784,22.061,0.1018
F121,2019,消费,0.0863,0.4194,22.0543,0.1004
F121,2020,消费,0.10011,0.4404,21.9729,0.1213
F121,2021,消费,0.09215,0.3576,22.0664,0.1107
F121,2022,消费,0.01036,0.455,22.0592,-0.1916
F121,2023,消费,0.09024,0.3328,22.2783,0.0389
F121,2024,消费,0.0872,0.3884,22.015,-0.0243
F121,2025,消费,0.10794,0.4473,22.2616,0.0144
F122,2018,科技,-0.00111,0.4193,23.1173,0.1594
F122,2019,科技,0.0589,0.4221,23.3528,0.1364
F122,2020,科技,0.02494,0.587,23.3207,0.1221
F122,2021,科技,0.07498,0.4142,23.228,0.2869
F122,2022,科技,0.05397,0.4119,23.332,0.1115
F122,2023,科技,0.06636,0.4763,23.385,-0.092
F122,2024,科技,0.07792,0.4561,23.6075,0.1915
F122,2025,科技,0.0501,0.4794,23.5613,-0.1249
F123,2018,消费,0.08029,0.4541,22.1421,0.2292
F123,2019,消费,-0.00283,0.521,22.3815,0.2452
F123,2020,消费,0.0701,0.4423,22.253,0.376
F123,2021,消费,-0.0379,0.4297,22.1048,0.0423
F123,2022,消费,0.08369,0.4407,22.1935,0.1727
F123,2023,消费,-0.01122,0.5256,22.3654,0.2451
F123,2024,消费,0.01181,0.542,22.6312,0.1537
F123,2025,消费,0.01266,0.512,22.4801,0.1709
F124,2018,工业,-0.01397,0.5222,21.4529,0.2357
F124,2019,工业,0.05611,0.501,21.6573,0.2497
F124,2020,工业,0.02866,0.5094,21.6104,0.3296
F124,2021,工业,0.02632,0.4581,21.8333,-0.0352
F124,2022,工业,-0.01277,0.4294,21.6482,-0.1952
F124,2023,工业,0.0448,0.4562,21.9402,0.092
F124,2024,工业,0.03276,0.4321,21.9652,-0.0773
F124,2025,工业,0.05971,0.4555,21.9203,0.0206
F125,2018,工业,0.07524,0.4692,21.8244,0.1716
F125,2019,工业,0.09957,0.4645,21.9149,0.1535
F125,2020,工业,0.05289,0.4782,21.8222,0.1217
F125,2021,工业,0.10516,0.3394,21.7764,0.1547
F125,2022,工业,0.03971,0.4651,21.7309,0.1854
F125,2023,工业,0.07494,0.3786,22.0685,0.0614
F125,2024,工业,0.08354,0.5072,21.9076,0.3335
F125,2025,工业,0.06356,0.5134,22.0485,0.3797
F126,2018,工业,0.03122,0.4516,21.0644,-0.0764
F126,2019,工业,0.10445,0.3435,21.2303,0.0442
F126,2020,工业,0.02374,0.3557,21.5048,-0.1192
F126,2021,工业,0.08251,0.3722,21.4583,0.0689
F126,2022,工业,0.07315,0.2197,21.3322,0.044
F126,2023,工业,0.11023,0.42,21.4434,0.1507
F126,2024,工业,0.03871,0.3826,21.5321,-0.2116
F126,2025,工业,0.05188,0.4405,21.438,-0.1453
F127,2018,科技,-0.04052,0.5611,21.4811,0.095
F127,2019,科技,-0.11652,0.5282,21.6001,0.2429
F127,2020,科技,-0.01278,0.5252,21.4627,0.1816
F127,2021,科技,-0.07447,0.5128,21.6898,0.0674
F127,2022,科技,-0.04868,0.431,21.6193,0.2113
F127,2023,科技,-0.05937,0.589,21.7164,0.0669
F127,2024,科技,-0.04187,0.5244,21.7978,0.0429
F127,2025,科技,-0.0504,0.5513,21.9377,-0.0798
F128,2018,工业,-0.07207,0.6625,23.4701,-0.0675
F128,2019,工业,-0.08468,0.5877,23.2935,0.1634
F128,2020,工业,-0.03981,0.6054,23.4859,0.0617
F128,2021,工业,-0.01753,0.6561,23.373,0.0303
F128,2022,工业,-0.09896,0.5896,23.5056,-0.0991
F128,2023,工业,-0.0633,0.5759,23.5625,0.0418
F128,2024,工业,-0.12883,0.6276,23.695,-0.0236
F128,2025,工业,-0.07339,0.5755,23.5557,0.0601
F129,2018,科技,0.08769,0.3761,22.9015,-0.0561
F129,2019,科技,-0.00829,0.4287,23.116,-0.1968
F129,2020,科技,0.04708,0.3631,23.2381,0.2001
F129,2021,科技,-0.00018,0.4595,23.2654,0.0187
F129,2022,科技,0.09234,0.3592,23.3146,-0.1474
F129,2023,科技,0.08931,0.3651,23.2742,-0.068
F129,2024,科技,0.05735,0.4014,23.3877,0.2054
F129,2025,科技,0.07578,0.3584,23.4551,0.2847
F130,2018,金融,-0.00492,0.5008,21.2004,0.0936
F130,2019,金融,-0.02243,0.5344,21.5639,0.356
F130,2020,金融,0.04564,0.5051,21.4818,0.1913
F130,2021,金融,-0.00968,0.4576,21.603,0.1709
F130,2022,金融,0.03502,0.3967,21.5977,0.1043
F130,2023,金融,-0.04568,0.5345,21.3793,-0.1364
F130,2024,金融,-0.03649,0.4995,21.6193,-0.0884
F130,2025,金融,0.00976,0.5042,21.669,0.2761
F131,2018,公用,-0.00536,0.5661,21.0455,0.4071
F131,2019,公用,-0.04579,0.5217,21.3102,0.1245
F131,2020,公用,-0.06261,0.5878,21.2476,-0.1748
F131,2021,公用,-0.04587,0.5888,21.0599,0.0899
F131,2022,公用,-0.00283,0.5703,21.4206,0.2212
F131,2023,公用,-0.08344,0.53,21.3829,0.1239
F131,2024,公用,-0.0054,0.5454,21.4081,0.0856
F131,2025,公用,-0.00394,0.5919,21.5533,0.0505
F132,2018,消费,0.02642,0.3608,22.5599,-0.0496
F132,2019,消费,0.07182,0.3759,22.6657,0.1061
F132,2020,消费,0.04094,0.3828,22.8613,-0.0074
F132,2021,消费,0.09866,0.3933,23.0047,0.0856
F132,2022,消费,0.06319,0.4266,22.8585,0.1589
F132,2023,消费,0.07212,0.442,22.9823,0.3207
F132,2024,消费,0.1388,0.3958,22.9133,0.4056
F132,2025,消费,0.07131,0.3988,23.1963,0.163
F133,2018,工业,0.00091,0.4163,22.8002,0.2251
F133,2019,工业,0.00841,0.4323,22.8107,0.1865
F133,2020,工业,0.00459,0.4035,22.7142,0.0579
F133,2021,工业,-0.00138,0.3796,22.7522,-0.0334
F133,2022,工业,0.01427,0.4136,22.8252,0.0935
F133,2023,工业,-0.00368,0.4167,22.9121,-0.0435
F133,2024,工业,0.00037,0.3798,22.7048,0.0005
F133,2025,工业,0.02048,0.4144,22.9459,0.1332
F134,2018,金融,0.14859,0.3536,22.7129,0.0549
F134,2019,金融,0.06331,0.4327,22.8762,0.3879
F134,2020,金融,0.10658,0.4464,22.9828,0.0506
F134,2021,金融,0.16554,0.4842,22.8923,0.0724
F134,2022,金融,0.05924,0.4445,22.9734,0.0861
F134,2023,金融,0.09361,0.4537,22.836,-0.1933
F134,2024,金融,0.09908,0.4583,22.8992,0.0009
F134,2025,金融,0.10545,0.4741,23.1339,0.0166
F135,2018,金融,0.05793,0.5528,21.1839,0.1283
F135,2019,金融,-0.03574,0.3859,21.0903,0.1111
F135,2020,金融,0.0227,0.4908,21.1943,0.2111
F135,2021,金融,0.02143,0.4721,21.2145,0.1328
F135,2022,金融,0.02179,0.5172,21.2392,0.1001
F135,2023,金融,0.0234,0.4898,21.4852,0.2362
F135,2024,金融,0.03044,0.5073,21.3679,-0.1473
F135,2025,金融,0.05794,0.5091,21.3841,0.2383
F136,2018,科技,0.10762,0.4473,22.1552,0.1171
F136,2019,科技,0.0382,0.5448,22.156,-0.0619
F136,2020,科技,0.05412,0.5168,22.3879,0.2446
F136,2021,科技,0.00823,0.5171,22.1479,-0.0806
F136,2022,科技,0.08068,0.4597,22.4541,0.0077
F136,2023,科技,0.13997,0.4331,22.5695,0.438
F136,2024,科技,0.0739,0.4879,22.4696,-0.0365
F136,2025,科技,0.10022,0.4663,22.4164,0.1188
F137,2018,科技,0.06847,0.3975,24.1955,0.1157
F137,2019,科技,0.10779,0.3627,24.2905,0.4697
F137,2020,科技,0.06828,0.3643,24.4287,-0.039
F137,2021,科技,0.11528,0.399,24.5552,0.3046
F137,2022,科技,0.06448,0.4866,24.538,0.0645
F137,2023,科技,0.07209,0.4103,24.6581,0.0266
F137,2024,科技,0.04461,0.505,24.541,0.0397
F137,2025,科技,0.08429,0.4821,24.6402,0.1248
F138,2018,科技,-0.14133,0.5889,22.4387,0.1418
F138,2019,科技,-0.0308,0.5469,22.5391,0.0454
F138,2020,科技,-0.02939,0.5854,22.5353,0.1068
F138,2021,科技,-0.05929,0.5458,22.6144,-0.1076
F138,2022,科技,-0.08143,0.5607,22.8628,0.1664
F138,2023,科技,-0.01312,0.5207,22.8683,0.3126
F138,2024,科技,-0.05713,0.5951,22.7614,0.3347
F138,2025,科技,-0.05499,0.567,22.914,0.2004
F139,2018,工业,0.01764,0.5584,22.7667,-0.0647
F139,2019,工业,0.06641,0.437,23.1026,0.2192
F139,2020,工业,0.05589,0.3688,23.0029,-0.0481
F139,2021,工业,0.01401,0.4544,22.9742,-0.1292
F139,2022,工业,0.0406,0.441,22.9736,0.2343
F139,2023,工业,0.03987,0.3948,23.2313,0.295
F139,2024,工业,0.05643,0.462,23.1703,0.2801
F139,2025,工业,0.00392,0.3566,23.0989,0.2145
F140,2018,消费,0.08623,0.4122,21.5978,0.0681
F140,2019,消费,0.06764,0.4095,21.79,0.1987
F140,2020,消费,0.10833,0.3631,21.784,0.1047
F140,2021,消费,0.079,0.5516,21.9746,0.0876
F140,2022,消费,0.04311,0.4502,21.9033,0.1455
F140,2023,消费,0.07906,0.4937,21.9988,0.1394
F140,2024,消费,0.0805,0.4921,22.0224,0.3954
F140,2025,消费,0.03493,0.5068,22.1308,-0.0764
F141,2018,公用,0.04938,0.2575,21.3139,0.1108
F141,2019,公用,0.06056,0.2532,21.3421,-0.099
F141,2020,公用,0.13078,0.159,21.4206,0.3309
F141,2021,公用,0.05521,0.368,21.6135,0.0163
F141,2022,公用,0.05579,0.2453,21.6479,0.0779
F141,2023,公用,0.06089,0.2434,21.5664,0.2559
F141,2024,公用,0.0527,0.299,21.9463,0.0767
F141,2025,公用,0.085,0.2491,21.7078,0.0326
F142,2018,金融,0.09359,0.4641,21.7434,0.2985
F142,2019,金融,0.066,0.4277,21.9654,0.1318
F142,2020,金融,0.07681,0.4462,21.9725,0.0631
F142,2021,金融,0.08298,0.4149,21.8543,0.2224
F142,2022,金融,0.07979,0.4557,21.9299,-0.223
F142,2023,金融,0.05792,0.4226,22.2667,0.3086
F142,2024,金融,0.09993,0.4779,22.1148,0.2105
F142,2025,金融,0.03923,0.4195,22.1157,0.0479
F143,2018,工业,0.01886,0.5235,23.2494,0.2482
F143,2019,工业,-0.00011,0.4604,23.2043,0.1091
F143,2020,工业,-0.00313,0.4476,23.3858,0.1959
F143,2021,工业,-0.00692,0.4825,23.1901,0.0547
F143,2022,工业,-0.08477,0.4805,23.3112,0.0645
F143,2023,工业,0.00436,0.4809,23.3951,0.035
F143,2024,工业,-0.0351,0.3895,23.3773,0.014
F143,2025,工业,-0.02836,0.4622,23.5639,0.1634
F144,2018,消费,0.0671,0.2965,24.4829,0.093
F144,2019,消费,0.16772,0.2517,24.8493,0.2601
F144,2020,消费,0.10537,0.2541,24.764,-0.0437
F144,2021,消费,0.10853,0.2037,24.7458,0.0873
F144,2022,消费,0.07468,0.3196,24.9039,0.0084
F144,2023,消费,0.13191,0.3261,24.8581,-0.0129
F144,2024,消费,0.11201,0.271,24.7951,-0.2863
F144,2025,消费,0.1499,0.1998,25.0903,-0.1188
F145,2018,金融,0.03137,0.5209,21.9188,0.0318
F145,2019,金融,0.04017,0.4963,22.0318,0.1361
F145,2020,金融,0.04675,0.5363,22.1511,0.1312
F145,2021,金融,0.07235,0.5399,22.2583,0.0897
F145,2022,金融,0.04335,0.504,22.307,0.2933
F145,2023,金融,0.01097,0.523,22.029,-0.032
F145,2024,金融,0.0389,0.5681,22.4534,0.087
F145,2025,金融,0.06821,0.5539,22.3349,0.225
F146,2018,科技,0.04597,0.5231,23.1459,0.4117
F146,2019,科技,0.06747,0.3668,23.0682,-0.0728
F146,2020,科技,0.06039,0.4388,23.2025,0.2956
F146,2021,科技,0.05601,0.5048,23.1987,-0.0058
F146,2022,科技,0.01599,0.4316,23.3031,-0.3764
F146,2023,科技,0.06364,0.4537,23.3506,0.129
F146,2024,科技,0.02084,0.5345,23.5261,0.091
F146,2025,科技,0.11609,0.4123,23.4818,-0.2396
F147,2018,金融,-0.06183,0.454,21.3257,-0.0291
F147,2019,金融,0.03949,0.4718,21.3175,0.1972
F147,2020,金融,-0.00513,0.3915,21.5788,0.0875
F147,2021,金融,0.07834,0.3868,21.5087,0.4161
F147,2022,金融,-0.03206,0.4503,21.6698,-0.1773
F147,2023,金融,0.01631,0.4424,21.4746,0.2736
F147,2024,金融,0.00441,0.3724,21.7148,0.122
F147,2025,金融,0.0137,0.4515,21.7886,0.2132
F148,2018,消费,0.09063,0.4442,23.3421,0.4382
F148,2019,消费,0.05575,0.3391,23.4638,0.1696
F148,2020,消费,0.01832,0.4649,23.4004,-0.1818
F148,2021,消费,0.05688,0.3498,23.6589,0.2436
F148,2022,消费,0.08056,0.4251,23.6608,0.4685
F148,2023,消费,0.02875,0.4298,23.7613,0.1756
F148,2024,消费,0.01282,0.368,23.7624,-0.0504
F148,2025,消费,-0.01332,0.4402,23.8384,0.2058
F149,2018,公用,-0.0577,0.4908,22.3104,0.0491
F149,2019,公用,0.00293,0.5242,22.4245,0.4412
F149,2020,公用,-0.03541,0.4178,22.3294,0.2093
F149,2021,公用,0.04342,0.4818,22.6779,0.1329
F149,2022,公用,-0.05208,0.5804,22.4973,0.1463
F149,2023,公用,-0.07,0.472,22.6012,-0.0987
F149,2024,公用,-0.05842,0.4605,22.7233,-0.0415
F149,2025,公用,-0.05912,0.4649,22.6288,-0.0569
F150,2018,公用,-0.11646,0.5504,21.6785,0.1436
F150,2019,公用,-0.03496,0.5861,21.6316,0.0849
F150,2020,公用,-0.07009,0.5126,21.7583,0.0218
F150,2021,公用,-0.05363,0.5135,21.6143,-0.1022
F150,2022,公用,0.00041,0.4955,21.9791,-0.0401
F150,2023,公用,-0.07423,0.5438,21.8842,-0.1444
F150,2024,公用,-0.05986,0.5625,21.9994,0.014
F150,2025,公用,-0.07009,0.5474,22.0715,0.2505
F151,2018,工业,0.0465,0.4522,20.1267,0.1908
F151,2019,工业,-0.0163,0.3934,20.1909,0.0394
F151,2020,工业,0.04254,0.4485,20.032,0.1837
F151,2021,工业,0.01453,0.4801,20.2284,-0.0021
F151,2022,工业,-0.00214,0.4031,20.2037,0.1169
F151,2023,工业,0.01575,0.3674,20.2626,-0.0496
F151,2024,工业,0.08909,0.4535,20.3669,0.1004
F151,2025,工业,0.00564,0.4036,20.3676,0.1823
F152,2018,科技,0.09825,0.2795,20.0711,0.1744
F152,2019,科技,0.10718,0.2496,20.1514,-0.0
F152,2020,科技,0.08324,0.3131,20.0929,-0.0208
F152,2021,科技,0.04059,0.389,20.3836,0.1785
F152,2022,科技,0.06139,0.2675,20.4738,0.3668
F152,2023,科技,0.11199,0.2728,20.4016,0.2868
F152,2024,科技,0.08576,0.2742,20.3076,0.213
F152,2025,科技,0.03573,0.326,20.4214,0.1217
F153,2018,公用,0.07088,0.4393,22.2223,0.0561
F153,2019,公用,0.08724,0.3779,22.3036,0.1565
F153,2020,公用,0.10355,0.3255,22.2226,0.3298
F153,2021,公用,0.03446,0.4001,22.3676,0.0006
F153,2022,公用,0.10358,0.2898,22.4867,0.0142
F153,2023,公用,0.08879,0.3389,22.4147,-0.0561
F153,2024,公用,0.07514,0.3092,22.5466,0.196
F153,2025,公用,0.10727,0.3424,22.5421,0.2612
F154,2018,科技,-0.01345,0.4104,21.186,0.1767
F154,2019,科技,-0.0185,0.6974,21.4037,0.0836
F154,2020,科技,0.04617,0.6021,21.3825,0.2099
F154,2021,科技,0.01105,0.5619,21.5448,0.3826
F154,2022,科技,-0.02972,0.5337,21.4047,0.1736
F154,2023,科技,0.00306,0.5743,21.5367,0.0627
F154,2024,科技,-0.03199,0.5553,21.6707,0.0348
F154,2025,科技,-0.04652,0.5704,21.661,-0.0626
F155,2018,科技,0.0502,0.411,23.0469,-0.0464
F155,2019,科技,0.15434,0.3376,22.9243,0.0289
F155,2020,科技,0.0857,0.2828,23.1485,0.1758
F155,2021,科技,0.1344,0.3741,23.1016,0.2723
F155,2022,科技,0.09614,0.3353,22.926,-0.0862
F155,2023,科技,0.07885,0.3382,23.1987,0.1151
F155,2024,科技,0.09132,0.3282,23.3019,0.0993
F155,2025,科技,0.07771,0.3826,23.3266,0.0852
F156,2018,金融,0.01855,0.5569,21.6179,0.0551
F156,2019,金融,0.02461,0.3781,21.8277,0.1788
F156,2020,金融,0.01066,0.5345,21.9473,-0.1372
F156,2021,金融,0.08497,0.4395,21.9252,0.3724
F156,2022,金融,0.0543,0.4526,22.0148,0.0763
F156,2023,金融,0.03766,0.49,22.103,-0.0499
F156,2024,金融,0.0462,0.4458,22.1332,0.1183
F156,2025,金融,0.02963,0.5124,22.0064,0.3268
F157,2018,科技,0.12658,0.3979,23.726,-0.1378
F157,2019,科技,0.1613,0.3438,23.6643,0.4801
F157,2020,科技,0.13263,0.3527,23.7612,0.2252
F157,2021,科技,0.19028,0.2302,23.7503,0.2354
F157,2022,科技,0.17225,0.3517,23.8498,0.0313
F157,2023,科技,0.16899,0.3084,23.9733,0.0218
F157,2024,科技,0.11954,0.3927,23.6283,0.008
F157,2025,科技,0.16097,0.4161,23.8521,-0.1853
F158,2018,工业,0.02424,0.5431,21.1327,0.3221
F158,2019,工业,-0.00874,0.4807,21.1765,-0.08
F158,2020,工业,0.07317,0.4616,21.1824,-0.0781
F158,2021,工业,0.06983,0.3945,21.3787,0.1279
F158,2022,工业,0.03091,0.4464,21.3984,0.116
F158,2023,工业,0.01056,0.4188,21.2626,0.2328
F158,2024,工业,0.01284,0.5189,21.7089,0.0886
F158,2025,工业,0.02335,0.551,21.445,0.1089
F159,2018,工业,-0.10397,0.5658,20.8336,0.2743
F159,2019,工业,-0.07445,0.5603,20.9212,0.1871
F159,2020,工业,-0.02439,0.6266,21.1183,0.4107
F159,2021,工业,-0.06233,0.5793,21.1724,-0.0426
F159,2022,工业,-0.03178,0.5576,21.1002,0.2301
F159,2023,工业,-0.05803,0.5499,21.3146,0.0186
F159,2024,工业,-0.10265,0.4594,21.3578,-0.0695
F159,2025,工业,-0.05384,0.4881,21.2695,-0.0542
F160,2018,消费,0.07863,0.3462,20.5023,0.2155
F160,2019,消费,0.06663,0.4148,20.3541,0.1226
F160,2020,消费,0.00412,0.3627,20.7195,0.1491
F160,2021,消费,0.08988,0.3251,20.7543,-0.1617
F160,2022,消费,0.07753,0.2965,20.7943,0.2079
F160,2023,消费,0.08,0.3425,20.7971,0.0771
F160,2024,消费,0.12316,0.3162,20.6274,0.0968
F160,2025,消费,0.04434,0.2786,20.9148,0.0062
F161,2018,消费,0.05827,0.4343,22.6955,0.056
F161,2019,消费,0.06987,0.4152,22.5587,0.1001
F161,2020,消费,0.03757,0.4662,22.7021,0.0508
F161,2021,消费,0.01341,0.5565,22.6748,0.0474
F161,2022,消费,0.05669,0.4886,22.7977,-0.0793
F161,2023,消费,0.07943,0.4931,22.7588,0.1006
F161,2024,消费,0.10084,0.396,23.0104,-0.0459
F161,2025,消费,0.0379,0.4315,22.988,0.0281
F162,2018,科技,-0.01593,0.5594,22.6394,-0.176
F162,2019,科技,-0.05696,0.465,22.7312,0.0429
F162,2020,科技,0.01519,0.5027,22.7219,0.0111
F162,2021,科技,-0.00266,0.5584,22.8284,0.0845
F162,2022,科技,0.01175,0.6403,22.7618,0.0724
F162,2023,科技,0.03444,0.491,22.9734,0.2576
F162,2024,科技,0.08458,0.4895,22.8849,0.1335
F162,2025,科技,0.03282,0.5128,22.9946,0.0299
F163,2018,金融,0.0156,0.5029,21.7052,0.1202
F163,2019,金融,0.00447,0.4692,21.8089,-0.0748
F163,2020,金融,0.03973,0.4576,21.7268,-0.3045
F163,2021,金融,0.02907,0.5357,21.9867,0.1631
F163,2022,金融,0.05287,0.5463,22.0117,0.2756
F163,2023,金融,0.02196,0.4553,21.8066,0.2157
F163,2024,金融,0.05718,0.4272,21.8396,-0.0844
F163,2025,金融,0.0414,0.4111,22.1926,0.1457
F164,2018,公用,-0.00787,0.3883,22.1244,0.1999
F164,2019,公用,0.01487,0.4273,22.2085,0.0979
F164,2020,公用,0.00076,0.3301,22.2642,0.091
F164,2021,公用,0.00124,0.3823,22.2504,0.0045
F164,2022,公用,0.00466,0.3815,22.1308,0.1419
F164,2023,公用,-0.00651,0.3594,22.1907,0.0625
F164,2024,公用,-0.02103,0.4624,22.5588,0.0128
F164,2025,公用,0.01735,0.4781,22.3384,0.2605
F165,2018,金融,-0.00057,0.5435,22.8018,-0.1186
F165,2019,金融,-0.01704,0.5056,22.9618,0.007
F165,2020,金融,-0.00965,0.5231,23.0189,0.2002
F165,2021,金融,0.00368,0.6067,23.1911,0.0462
F165,2022,金融,-0.01171,0.4956,23.0609,0.0597
F165,2023,金融,0.03168,0.4733,23.1786,0.2669
F165,2024,金融,-0.01986,0.5717,23.2717,0.0126
F165,2025,金融,0.0183,0.5609,22.8769,0.128
F166,2018,工业,0.00031,0.4393,21.6783,0.0357
F166,2019,工业,0.01386,0.4778,21.62,0.088
F166,2020,工业,-0.05249,0.5577,21.7284,0.3209
F166,2021,工业,-0.01382,0.5545,21.7956,0.1082
F166,2022,工业,0.03904,0.5013,22.0404,0.2184
F166,2023,工业,-0.0418,0.574,21.9665,0.1942
F166,2024,工业,0.01121,0.4055,21.8755,0.1777
F166,2025,工业,-0.00546,0.5183,22.0521,0.493
F167,2018,工业,0.08321,0.4248,22.014,0.2078
F167,2019,工业,0.10515,0.4168,21.9411,0.2182
F167,2020,工业,0.06142,0.5203,22.0174,0.3153
F167,2021,工业,0.03968,0.4552,21.9315,0.4077
F167,2022,工业,0.06051,0.4343,22.1741,-0.0144
F167,2023,工业,0.12028,0.5058,22.1108,0.2155
F167,2024,工业,0.13442,0.3995,22.0078,0.1386
F167,2025,工业,0.01562,0.4261,21.9313,0.0526
F168,2018,工业,-0.07131,0.405,20.3136,0.092
F168,2019,工业,-0.05167,0.546,20.5139,-0.1145
F168,2020,工业,-0.06304,0.5794,20.4094,0.148
F168,2021,工业,-0.04613,0.4845,20.4994,-0.1433
F168,2022,工业,-0.06985,0.4941,20.6819,-0.0399
F168,2023,工业,0.0306,0.4473,20.7016,0.1367
F168,2024,工业,0.0056,0.3336,20.6936,0.1864
F168,2025,工业,-0.05904,0.4233,20.7264,0.153
F169,2018,工业,0.04238,0.4299,22.7926,-0.0734
F169,2019,工业,0.0962,0.4638,22.9658,0.1342
F169,2020,工业,0.01794,0.4043,23.2155,-0.0457
F169,2021,工业,0.08768,0.439,23.0693,0.2092
F169,2022,工业,0.03321,0.4734,23.0836,0.0852
F169,2023,工业,0.01727,0.4708,23.1452,0.4231
F169,2024,工业,0.08379,0.392,23.1406,0.1521
F169,2025,工业,0.02504,0.5202,23.2819,0.2312
F170,2018,公用,0.06217,0.3856,22.2452,0.0939
F170,2019,公用,0.07623,0.4168,22.4101,0.0386
F170,2020,公用,0.17767,0.3494,22.5087,0.1491
F170,2021,公用,0.13375,0.3147,22.6051,0.1229
F170,2022,公用,0.08288,0.3572,22.5459,0.1739
F170,2023,公用,0.07119,0.4363,22.7063,-0.161
F170,2024,公用,0.10826,0.3734,22.5617,-0.1751
F170,2025,公用,0.08628,0.3077,22.5241,0.217
F171,2018,金融,-0.03554,0.5654,19.7995,0.0532
F171,2019,金融,-0.12184,0.6534,19.7299,0.1882
F171,2020,金融,-0.09651,0.7013,20.2061,0.2281
F171,2021,金融,-0.03296,0.5155,20.1453,0.1521
F171,2022,金融,-0.05741,0.5548,20.0855,-0.0943
F171,2023,金融,-0.04933,0.5737,20.0502,-0.107
F171,2024,金融,-0.03504,0.4771,20.3779,-0.0241
F171,2025,金融,-0.01098,0.5266,20.2953,0.1649
F172,2018,公用,0.04373,0.3731,20.7664,0.2443
F172,2019,公用,0.00566,0.4373,20.6794,0.2277
F172,2020,公用,-0.03999,0.411,20.6802,0.2443
F172,2021,公用,-0.01811,0.4845,20.6643,0.0961
F172,2022,公用,0.04178,0.4368,20.872,0.1167
F172,2023,公用,0.01248,0.4171,20.9331,0.2109
F172,2024,公用,0.03295,0.4047,20.8845,0.262
F172,2025,公用,0.04241,0.3655,21.0703,0.1439
F173,2018,工业,-0.05233,0.5524,22.262,0.0343
F173,2019,工业,-0.04812,0.5219,21.9609,0.0761
F173,2020,工业,-0.02267,0.6285,22.2797,0.1949
F173,2021,工业,-0.01713,0.5578,22.2284,0.3324
F173,2022,工业,-0.0672,0.5885,22.3344,0.2274
F173,2023,工业,-0.0067,0.5544,22.3333,0.0168
F173,2024,工业,0.01829,0.6022,22.1822,0.2984
F173,2025,工业,0.0058,0.6586,22.4442,0.102
F174,2018,公用,0.02577,0.4545,22.4407,0.0654
F174,2019,公用,0.02319,0.5381,22.467,0.2834
F174,2020,公用,0.03418,0.4961,22.3739,0.297
F174,2021,公用,0.02318,0.4777,22.6178,0.1261
F174,2022,公用,-0.04654,0.4425,22.5381,-0.2403
F174,2023,公用,0.06286,0.388,22.6138,0.1819
F174,2024,公用,0.01517,0.4229,22.8119,-0.0642
F174,2025,公用,0.02712,0.3388,22.8313,0.1431
F175,2018,科技,0.07258,0.4455,23.0684,0.2306
F175,2019,科技,0.04862,0.3702,23.083,-0.1468
F175,2020,科技,0.10043,0.4654,23.1779,-0.1171
F175,2021,科技,0.06722,0.455,23.1785,0.3292
F175,2022,科技,0.1045,0.4116,23.2271,0.2912
F175,2023,科技,0.0962,0.4433,23.3752,-0.1181
F175,2024,科技,0.08757,0.4136,23.5721,0.1261
F175,2025,科技,0.05698,0.4589,23.5019,-0.2008
F176,2018,消费,-0.03459,0.5123,21.4277,-0.0147
F176,2019,消费,0.02449,0.3959,21.4811,-0.2018
F176,2020,消费,-0.00675,0.4656,21.6404,-0.0448
F176,2021,消费,-0.0077,0.4529,21.6842,-0.0322
F176,2022,消费,-0.02419,0.4506,21.5632,0.1617
F176,2023,消费,0.00987,0.4225,21.7296,0.0962
F176,2024,消费,-0.01904,0.4116,21.7568,-0.0697
F176,2025,消费,0.02268,0.5112,21.8831,0.2856
F177,2018,消费,0.16684,0.2566,22.4562,0.2433
F177,2019,消费,0.15852,0.3471,22.4968,0.0562
F177,2020,消费,0.10927,0.2111,22.4812,0.1626
F177,2021,消费,0.1847,0.1762,22.8089,0.0217
F177,2022,消费,0.17405,0.2773,22.6193,0.2488
F177,2023,消费,0.13428,0.1759,22.9333,0.1257
F177,2024,消费,0.09763,0.2462,22.8891,0.1845
F177,2025,消费,0.19152,0.2684,22.8204,0.0571
F178,2018,科技,0.12172,0.3633,22.2876,0.1559
F178,2019,科技,0.03022,0.393,22.4069,0.2014
F178,2020,科技,0.07029,0.3609,22.4167,0.0701
F178,2021,科技,0.00658,0.3699,22.5568,0.0238
F178,2022,科技,0.02363,0.4486,22.6195,-0.1669
F178,2023,科技,0.06642,0.3416,22.6146,0.0028
F178,2024,科技,0.04609,0.4221,22.6437,0.0666
F178,2025,科技,0.04048,0.3911,22.6105,0.0634
F179,2018,公用,0.01317,0.4545,22.4244,0.0226
F179,2019,公用,0.03431,0.4439,22.4137,0.3274
F179,2020,公用,-0.01698,0.4074,22.568,0.2508
F179,2021,公用,0.02579,0.454,22.771,0.2797
F179,2022,公用,-0.04962,0.453,22.6921,0.0611
F179,2023,公用,-0.0224,0.434,22.8573,-0.1082
F179,2024,公用,0.04103,0.4751,22.6683,0.1439
F179,2025,公用,-0.00615,0.4956,22.757,-0.0162
F180,2018,工业,0.03857,0.4102,20.6008,0.4761
F180,2019,工业,0.02915,0.4758,20.6286,0.4624
F180,2020,工业,-0.0573,0.5381,20.9068,0.285
F180,2021,工业,0.02292,0.3568,20.8237,0.2466
F180,2022,工业,-0.00586,0.3913,21.0331,-0.0136
F180,2023,工业,0.07257,0.4271,20.9739,0.2398
F180,2024,工业,-0.00125,0.5544,20.7751,0.2588
F180,2025,工业,-0.00227,0.3627,21.0608,0.2848
F181,2018,科技,0.11977,0.3788,22.5077,-0.1181
F181,2019,科技,0.07111,0.411,22.7422,-0.0293
F181,2020,科技,0.06756,0.3784,22.5762,-0.0912
F181,2021,科技,0.01047,0.4133,22.6743,0.1668
F181,2022,科技,0.11204,0.3907,22.8632,0.0953
F181,2023,科技,0.16799,0.2952,22.8956,0.1667
F181,2024,科技,0.08741,0.3978,23.0178,0.1879
F181,2025,科技,0.0716,0.4591,22.8427,-0.0235
F182,2018,工业,-0.02189,0.4752,20.781,-0.0927
F182,2019,工业,0.0147,0.4485,20.8728,0.0628
F182,2020,工业,0.01216,0.4564,20.5846,0.2534
F182,2021,工业,-0.00599,0.3929,20.7526,0.0042
F182,2022,工业,-0.00698,0.4474,20.7957,-0.0233
F182,2023,工业,0.00811,0.3881,20.6899,-0.0758
F182,2024,工业,-0.06606,0.4825,20.9107,-0.1415
F182,2025,工业,0.00951,0.4949,21.0082,0.0041
F183,2018,金融,0.06911,0.4331,22.6939,-0.0416
F183,2019,金融,0.0366,0.4629,22.7393,-0.116
F183,2020,金融,0.09603,0.414,23.2206,-0.0021
F183,2021,金融,0.0658,0.4067,23.1328,0.2503
F183,2022,金融,0.03542,0.3779,23.1492,-0.1145
F183,2023,金融,0.04832,0.4757,23.2624,0.0232
F183,2024,金融,0.07276,0.3886,23.4011,0.2581
F183,2025,金融,0.07922,0.4215,23.1751,0.2529
F184,2018,工业,0.09894,0.5092,24.5423,-0.0381
F184,2019,工业,0.07907,0.516,24.4299,0.246
F184,2020,工业,0.10282,0.4096,24.7468,0.3053
F184,2021,工业,0.04189,0.5603,24.7267,0.2994
F184,2022,工业,0.11042,0.5136,24.7481,0.0356
F184,2023,工业,0.05343,0.4335,24.7895,0.3551
F184,2024,工业,0.08963,0.4149,24.7164,-0.0225
F184,2025,工业,0.12814,0.5111,24.9646,0.1629
F185,2018,科技,0.01157,0.5714,21.8385,0.0406
F185,2019,科技,-0.04151,0.5316,21.6717,0.1555
F185,2020,科技,-0.0718,0.5348,21.7906,-0.0967
F185,2021,科技,-0.02177,0.5259,21.7622,0.3541
F185,2022,科技,-0.04841,0.5318,21.9477,-0.1082
F185,2023,科技,-0.00291,0.5847,21.9747,0.1742
F185,2024,科技,0.00158,0.5562,21.861,0.3626
F185,2025,科技,-0.03921,0.6577,22.0432,-0.1109
F186,2018,公用,-0.00738,0.6312,22.1666,0.2307
F186,2019,公用,-0.04965,0.5779,22.3028,-0.0254
F186,2020,公用,0.01048,0.4775,22.3115,-0.05
F186,2021,公用,0.00232,0.5641,22.2482,0.0159
F186,2022,公用,-0.02866,0.4381,22.4541,0.2235
F186,2023,公用,0.00141,0.4402,22.3867,0.1556
F186,2024,公用,-0.06748,0.5359,22.4616,0.1019
F186,2025,公用,0.00014,0.5846,22.3859,0.1912
F187,2018,公用,0.06776,0.4257,21.8621,0.3093
F187,2019,公用,0.03183,0.3926,22.0078,-0.1299
F187,2020,公用,0.07395,0.5067,21.698,0.165
F187,2021,公用,0.05371,0.4132,22.0318,0.393
F187,2022,公用,0.00317,0.4025,22.0577,-0.0406
F187,2023,公用,0.05728,0.4925,22.1433,0.2198
F187,2024,公用,0.04213,0.4927,21.9699,-0.0925
F187,2025,公用,0.06761,0.4535,22.1604,0.1764
F188,2018,消费,-0.02359,0.4548,22.0819,-0.1034
F188,2019,消费,0.00581,0.5189,22.1481,0.353
F188,2020,消费,0.03934,0.5135,22.1636,0.3216
F188,2021,消费,-0.02449,0.6073,22.1398,-0.1947
F188,2022,消费,0.02269,0.4732,22.1936,0.1561
F188,2023,消费,0.04155,0.51,22.4773,-0.0904
F188,2024,消费,0.04991,0.6082,22.3263,0.2858
F188,2025,消费,0.057,0.4744,22.5839,0.1065
F189,2018,公用,0.10659,0.4293,21.9977,0.03
F189,2019,公用,0.092,0.4233,22.1637,0.0967
F189,2020,公用,0.07055,0.5002,22.1323,0.0251
F189,2021,公用,0.07035,0.401,22.3629,-0.0591
F189,2022,公用,0.07923,0.5034,22.3007,0.4096
F189,2023,公用,0.0747,0.3829,22.4112,-0.0571
F189,2024,公用,0.09601,0.3348,22.5753,0.2208
F189,2025,公用,0.04439,0.463,22.3762,0.3412
F190,2018,工业,0.00232,0.4279,22.8581,0.0139
F190,2019,工业,0.01215,0.4526,22.9144,0.1033
F190,2020,工业,0.02039,0.3982,22.7877,-0.021
F190,2021,工业,0.02366,0.3639,22.9653,-0.0054
F190,2022,工业,0.03582,0.387,23.0818,0.1099
F190,2023,工业,0.07431,0.3763,23.2046,0.0023
F190,2024,工业,0.00241,0.3647,22.9824,-0.1593
F190,2025,工业,0.00316,0.334,23.0526,0.1299
F191,2018,工业,0.07609,0.4788,22.0749,0.2032
F191,2019,工业,0.02479,0.5002,21.9225,0.2637
F191,2020,工业,0.06197,0.465,22.0366,0.3293
F191,2021,工业,0.04997,0.4631,22.1538,-0.0408
F191,2022,工业,0.0006,0.5392,22.272,0.2161
F191,2023,工业,0.0189,0.4515,22.1731,0.0254
F191,2024,工业,0.04121,0.4107,22.322,0.1766
F191,2025,工业,0.04796,0.458,22.1146,0.2523
F192,2018,消费,0.10467,0.4196,22.8323,0.0046
F192,2019,消费,0.07626,0.3928,22.7199,0.1449
F192,2020,消费,0.04795,0.5235,22.6971,-0.0538
F192,2021,消费,0.1061,0.3593,22.6759,0.2139
F192,2022,消费,0.04063,0.5116,22.7218,0.121
F192,2023,消费,0.07587,0.4604,22.9998,0.1761
F192,2024,消费,0.11275,0.3325,22.7638,-0.0574
F192,2025,消费,0.06713,0.4227,23.0084,-0.0013
F193,2018,消费,-0.01415,0.3775,19.9036,0.1701
F193,2019,消费,-0.02831,0.543,20.3319,0.0563
F193,2020,消费,-0.02035,0.5023,20.2045,-0.0263
F193,2021,消费,0.03718,0.5635,20.3975,-0.0191
F193,2022,消费,-0.05433,0.5219,20.2298,-0.2171
F193,2023,消费,0.00793,0.4355,20.3227,-0.0788
F193,2024,消费,0.00481,0.596,20.4599,0.1377
F193,2025,消费,0.01931,0.6406,20.2832,0.0713
F194,2018,金融,0.08431,0.2611,22.9643,0.2435
F194,2019,金融,0.07646,0.441,23.1064,0.1389
F194,2020,金融,0.12824,0.3606,23.0714,0.0285
F194,2021,金融,0.04885,0.33,23.0967,0.1934
F194,2022,金融,0.08233,0.4185,23.1528,0.0983
F194,2023,金融,0.06409,0.3903,23.1295,0.0442
F194,2024,金融,0.15049,0.4218,23.0529,0.1327
F194,2025,金融,0.06464,0.4099,23.3839,0.3237
F195,2018,科技,-0.01617,0.5453,22.2333,0.183
F195,2019,科技,-0.05345,0.5278,22.3218,-0.1088
F195,2020,科技,-0.00071,0.5398,22.0722,0.4287
F195,2021,科技,-0.007,0.5294,22.2894,0.0665
F195,2022,科技,0.03746,0.5411,22.4369,-0.0621
F195,2023,科技,-0.00539,0.5247,22.4141,0.0413
F195,2024,科技,0.05937,0.5286,22.5645,0.0333
F195,2025,科技,-0.05093,0.541,22.5335,-0.0676
F196,2018,工业,0.01297,0.4504,22.9064,-0.0586
F196,2019,工业,0.01362,0.4208,22.7435,0.0263
F196,2020,工业,0.01931,0.3973,22.8678,0.0079
F196,2021,工业,0.02445,0.4046,22.8766,0.3751
F196,2022,工业,0.05527,0.4314,22.9882,0.0381
F196,2023,工业,0.04137,0.43,23.0791,-0.1692
F196,2024,工业,0.02369,0.4137,23.0505,0.2873
F196,2025,工业,0.0458,0.4244,23.2562,0.379
F197,2018,工业,-0.02185,0.5679,22.185,-0.0505
F197,2019,工业,-0.10043,0.5626,22.3269,0.0518
F197,2020,工业,-0.03487,0.6255,22.0616,0.1618
F197,2021,工业,-0.05395,0.7471,22.3012,0.0036
F197,2022,工业,-0.03202,0.5926,22.4043,-0.1049
F197,2023,工业,-0.00368,0.6529,22.4662,-0.0358
F197,2024,工业,-0.01598,0.5895,22.8212,0.024
F197,2025,工业,-0.03865,0.5602,22.5327,-0.0267
F198,2018,工业,-0.05452,0.504,21.4886,-0.0796
F198,2019,工业,-0.03161,0.5546,21.395,-0.0001
F198,2020,工业,-0.03814,0.5464,21.4981,0.1337
F198,2021,工业,-0.03253,0.6354,21.506,-0.0439
F198,2022,工业,-0.00456,0.598,21.7235,0.2073
F198,2023,工业,-0.05399,0.5166,21.7498,0.1566
F198,2024,工业,-0.00258,0.5622,21.6729,-0.0322
F198,2025,工业,0.00521,0.4898,21.7199,0.005
F199,2018,科技,-0.04805,0.6036,22.4556,0.2047
F199,2019,科技,-0.01569,0.5309,22.5155,0.3204
F199,2020,科技,-0.0334,0.5532,22.7203,0.0851
F199,2021,科技,-0.00795,0.4802,22.6147,-0.1605
F199,2022,科技,-0.01211,0.5307,22.4724,-0.0502
F199,2023,科技,-0.03355,0.4468,22.5321,-0.1295
F199,2024,科技,0.00187,0.4265,22.6673,-0.0124
F199,2025,科技,-0.04317,0.494,22.8901,0.0412
